date,vehicle_category,units
01/01/16,FOUR WHEELER (INVALID CARRIAGE),1
01/01/22,FOUR WHEELER (INVALID CARRIAGE),1
01/01/23,FOUR WHEELER (INVALID CARRIAGE),1
01/01/24,FOUR WHEELER (INVALID CARRIAGE),7
01/02/16,FOUR WHEELER (INVALID CARRIAGE),1
01/02/22,FOUR WHEELER (INVALID CARRIAGE),1
01/02/23,FOUR WHEELER (INVALID CARRIAGE),1
01/02/24,FOUR WHEELER (INVALID CARRIAGE),3
01/03/23,FOUR WHEELER (INVALID CARRIAGE),3
01/03/24,FOUR WHEELER (INVALID CARRIAGE),10
01/04/22,FOUR WHEELER (INVALID CARRIAGE),1
01/04/23,FOUR WHEELER (INVALID CARRIAGE),5
01/04/24,FOUR WHEELER (INVALID CARRIAGE),3
01/05/16,FOUR WHEELER (INVALID CARRIAGE),1
01/05/21,FOUR WHEELER (INVALID CARRIAGE),1
01/05/22,FOUR WHEELER (INVALID CARRIAGE),3
01/05/23,FOUR WHEELER (INVALID CARRIAGE),9
01/05/24,FOUR WHEELER (INVALID CARRIAGE),5
01/06/15,FOUR WHEELER (INVALID CARRIAGE),1
01/06/22,FOUR WHEELER (INVALID CARRIAGE),1
01/06/23,FOUR WHEELER (INVALID CARRIAGE),5
01/06/24,FOUR WHEELER (INVALID CARRIAGE),2
01/07/22,FOUR WHEELER (INVALID CARRIAGE),1
01/07/23,FOUR WHEELER (INVALID CARRIAGE),2
01/07/24,FOUR WHEELER (INVALID CARRIAGE),1
01/08/22,FOUR WHEELER (INVALID CARRIAGE),1
01/08/23,FOUR WHEELER (INVALID CARRIAGE),3
01/09/23,FOUR WHEELER (INVALID CARRIAGE),5
01/10/22,FOUR WHEELER (INVALID CARRIAGE),2
01/10/23,FOUR WHEELER (INVALID CARRIAGE),4
01/11/22,FOUR WHEELER (INVALID CARRIAGE),1
01/11/23,FOUR WHEELER (INVALID CARRIAGE),5
01/12/16,FOUR WHEELER (INVALID CARRIAGE),1
01/12/21,FOUR WHEELER (INVALID CARRIAGE),2
01/12/23,FOUR WHEELER (INVALID CARRIAGE),3
01/01/01,HEAVY GOODS VEHICLE,1
01/01/02,HEAVY GOODS VEHICLE,2
01/01/03,HEAVY GOODS VEHICLE,1
01/01/04,HEAVY GOODS VEHICLE,2
01/01/06,HEAVY GOODS VEHICLE,1
01/01/07,HEAVY GOODS VEHICLE,3
01/01/11,HEAVY GOODS VEHICLE,1
01/01/12,HEAVY GOODS VEHICLE,2
01/01/13,HEAVY GOODS VEHICLE,3
01/01/16,HEAVY GOODS VEHICLE,1
01/01/24,HEAVY GOODS VEHICLE,21
01/02/03,HEAVY GOODS VEHICLE,1
01/02/10,HEAVY GOODS VEHICLE,2
01/02/11,HEAVY GOODS VEHICLE,2
01/02/12,HEAVY GOODS VEHICLE,2
01/02/14,HEAVY GOODS VEHICLE,3
01/02/15,HEAVY GOODS VEHICLE,2
01/02/16,HEAVY GOODS VEHICLE,1
01/02/24,HEAVY GOODS VEHICLE,28
01/03/02,HEAVY GOODS VEHICLE,1
01/03/05,HEAVY GOODS VEHICLE,1
01/03/08,HEAVY GOODS VEHICLE,4
01/03/10,HEAVY GOODS VEHICLE,3
01/03/11,HEAVY GOODS VEHICLE,1
01/03/12,HEAVY GOODS VEHICLE,7
01/03/17,HEAVY GOODS VEHICLE,1
01/03/23,HEAVY GOODS VEHICLE,183
01/03/24,HEAVY GOODS VEHICLE,44
01/04/02,HEAVY GOODS VEHICLE,3
01/04/04,HEAVY GOODS VEHICLE,1
01/04/05,HEAVY GOODS VEHICLE,1
01/04/08,HEAVY GOODS VEHICLE,1
01/04/10,HEAVY GOODS VEHICLE,3
01/04/11,HEAVY GOODS VEHICLE,3
01/04/12,HEAVY GOODS VEHICLE,1
01/04/13,HEAVY GOODS VEHICLE,2
01/04/14,HEAVY GOODS VEHICLE,1
01/04/16,HEAVY GOODS VEHICLE,1
01/04/23,HEAVY GOODS VEHICLE,46
01/05/02,HEAVY GOODS VEHICLE,1
01/05/04,HEAVY GOODS VEHICLE,2
01/05/10,HEAVY GOODS VEHICLE,3
01/05/12,HEAVY GOODS VEHICLE,2
01/05/16,HEAVY GOODS VEHICLE,1
01/05/23,HEAVY GOODS VEHICLE,3
01/05/24,HEAVY GOODS VEHICLE,30
01/06/01,HEAVY GOODS VEHICLE,2
01/06/04,HEAVY GOODS VEHICLE,1
01/06/05,HEAVY GOODS VEHICLE,1
01/06/06,HEAVY GOODS VEHICLE,2
01/06/08,HEAVY GOODS VEHICLE,1
01/06/09,HEAVY GOODS VEHICLE,1
01/06/12,HEAVY GOODS VEHICLE,1
01/06/15,HEAVY GOODS VEHICLE,1
01/06/23,HEAVY GOODS VEHICLE,2
01/06/24,HEAVY GOODS VEHICLE,3
01/07/01,HEAVY GOODS VEHICLE,2
01/07/04,HEAVY GOODS VEHICLE,1
01/07/06,HEAVY GOODS VEHICLE,2
01/07/10,HEAVY GOODS VEHICLE,3
01/07/11,HEAVY GOODS VEHICLE,1
01/07/12,HEAVY GOODS VEHICLE,2
01/07/13,HEAVY GOODS VEHICLE,1
01/07/15,HEAVY GOODS VEHICLE,1
01/07/23,HEAVY GOODS VEHICLE,13
01/07/24,HEAVY GOODS VEHICLE,3
01/08/03,HEAVY GOODS VEHICLE,1
01/08/04,HEAVY GOODS VEHICLE,1
01/08/08,HEAVY GOODS VEHICLE,1
01/08/10,HEAVY GOODS VEHICLE,1
01/08/11,HEAVY GOODS VEHICLE,2
01/08/16,HEAVY GOODS VEHICLE,1
01/08/23,HEAVY GOODS VEHICLE,12
01/09/01,HEAVY GOODS VEHICLE,1
01/09/05,HEAVY GOODS VEHICLE,2
01/09/06,HEAVY GOODS VEHICLE,1
01/09/07,HEAVY GOODS VEHICLE,1
01/09/08,HEAVY GOODS VEHICLE,1
01/09/10,HEAVY GOODS VEHICLE,1
01/09/12,HEAVY GOODS VEHICLE,2
01/09/13,HEAVY GOODS VEHICLE,2
01/09/14,HEAVY GOODS VEHICLE,2
01/09/23,HEAVY GOODS VEHICLE,38
01/10/02,HEAVY GOODS VEHICLE,1
01/10/03,HEAVY GOODS VEHICLE,2
01/10/10,HEAVY GOODS VEHICLE,2
01/10/11,HEAVY GOODS VEHICLE,2
01/10/15,HEAVY GOODS VEHICLE,1
01/10/16,HEAVY GOODS VEHICLE,1
01/10/23,HEAVY GOODS VEHICLE,2
01/11/01,HEAVY GOODS VEHICLE,1
01/11/05,HEAVY GOODS VEHICLE,2
01/11/06,HEAVY GOODS VEHICLE,1
01/11/09,HEAVY GOODS VEHICLE,1
01/11/10,HEAVY GOODS VEHICLE,1
01/11/11,HEAVY GOODS VEHICLE,1
01/11/12,HEAVY GOODS VEHICLE,1
01/11/14,HEAVY GOODS VEHICLE,1
01/11/23,HEAVY GOODS VEHICLE,15
01/12/03,HEAVY GOODS VEHICLE,1
01/12/10,HEAVY GOODS VEHICLE,1
01/12/11,HEAVY GOODS VEHICLE,1
01/12/12,HEAVY GOODS VEHICLE,1
01/12/13,HEAVY GOODS VEHICLE,13
01/12/14,HEAVY GOODS VEHICLE,2
01/12/16,HEAVY GOODS VEHICLE,1
01/12/23,HEAVY GOODS VEHICLE,16
01/01/02,HEAVY MOTOR VEHICLE,1
01/01/03,HEAVY MOTOR VEHICLE,2
01/01/07,HEAVY MOTOR VEHICLE,3
01/01/08,HEAVY MOTOR VEHICLE,2
01/01/13,HEAVY MOTOR VEHICLE,1
01/02/02,HEAVY MOTOR VEHICLE,1
01/02/07,HEAVY MOTOR VEHICLE,4
01/02/09,HEAVY MOTOR VEHICLE,1
01/02/11,HEAVY MOTOR VEHICLE,3
01/02/12,HEAVY MOTOR VEHICLE,1
01/03/01,HEAVY MOTOR VEHICLE,2
01/03/03,HEAVY MOTOR VEHICLE,2
01/03/06,HEAVY MOTOR VEHICLE,2
01/03/07,HEAVY MOTOR VEHICLE,3
01/03/08,HEAVY MOTOR VEHICLE,1
01/03/09,HEAVY MOTOR VEHICLE,1
01/03/13,HEAVY MOTOR VEHICLE,1
01/03/22,HEAVY MOTOR VEHICLE,2
01/03/23,HEAVY MOTOR VEHICLE,1
01/04/05,HEAVY MOTOR VEHICLE,1
01/04/07,HEAVY MOTOR VEHICLE,3
01/04/10,HEAVY MOTOR VEHICLE,1
01/04/11,HEAVY MOTOR VEHICLE,1
01/04/12,HEAVY MOTOR VEHICLE,1
01/04/14,HEAVY MOTOR VEHICLE,1
01/04/23,HEAVY MOTOR VEHICLE,1
01/05/03,HEAVY MOTOR VEHICLE,1
01/05/07,HEAVY MOTOR VEHICLE,6
01/05/08,HEAVY MOTOR VEHICLE,2
01/05/15,HEAVY MOTOR VEHICLE,1
01/05/17,HEAVY MOTOR VEHICLE,1
01/06/01,HEAVY MOTOR VEHICLE,2
01/06/04,HEAVY MOTOR VEHICLE,1
01/06/05,HEAVY MOTOR VEHICLE,2
01/06/06,HEAVY MOTOR VEHICLE,2
01/06/07,HEAVY MOTOR VEHICLE,2
01/06/12,HEAVY MOTOR VEHICLE,1
01/07/04,HEAVY MOTOR VEHICLE,1
01/07/05,HEAVY MOTOR VEHICLE,1
01/07/07,HEAVY MOTOR VEHICLE,2
01/07/08,HEAVY MOTOR VEHICLE,4
01/07/10,HEAVY MOTOR VEHICLE,1
01/07/11,HEAVY MOTOR VEHICLE,1
01/07/16,HEAVY MOTOR VEHICLE,1
01/08/04,HEAVY MOTOR VEHICLE,1
01/08/07,HEAVY MOTOR VEHICLE,2
01/08/12,HEAVY MOTOR VEHICLE,1
01/08/21,HEAVY MOTOR VEHICLE,2
01/09/01,HEAVY MOTOR VEHICLE,4
01/09/03,HEAVY MOTOR VEHICLE,1
01/09/04,HEAVY MOTOR VEHICLE,2
01/09/06,HEAVY MOTOR VEHICLE,4
01/09/07,HEAVY MOTOR VEHICLE,1
01/09/12,HEAVY MOTOR VEHICLE,1
01/09/16,HEAVY MOTOR VEHICLE,2
01/09/21,HEAVY MOTOR VEHICLE,1
01/10/01,HEAVY MOTOR VEHICLE,1
01/10/04,HEAVY MOTOR VEHICLE,1
01/10/05,HEAVY MOTOR VEHICLE,1
01/10/06,HEAVY MOTOR VEHICLE,1
01/10/07,HEAVY MOTOR VEHICLE,2
01/10/10,HEAVY MOTOR VEHICLE,1
01/10/11,HEAVY MOTOR VEHICLE,1
01/10/16,HEAVY MOTOR VEHICLE,3
01/11/01,HEAVY MOTOR VEHICLE,6
01/11/02,HEAVY MOTOR VEHICLE,2
01/11/05,HEAVY MOTOR VEHICLE,1
01/11/06,HEAVY MOTOR VEHICLE,6
01/11/09,HEAVY MOTOR VEHICLE,1
01/11/10,HEAVY MOTOR VEHICLE,1
01/11/11,HEAVY MOTOR VEHICLE,1
01/11/12,HEAVY MOTOR VEHICLE,2
01/11/16,HEAVY MOTOR VEHICLE,2
01/11/21,HEAVY MOTOR VEHICLE,2
01/11/23,HEAVY MOTOR VEHICLE,1
01/12/01,HEAVY MOTOR VEHICLE,3
01/12/06,HEAVY MOTOR VEHICLE,3
01/12/07,HEAVY MOTOR VEHICLE,2
01/12/10,HEAVY MOTOR VEHICLE,1
01/12/11,HEAVY MOTOR VEHICLE,2
01/12/13,HEAVY MOTOR VEHICLE,1
01/12/21,HEAVY MOTOR VEHICLE,1
01/01/04,HEAVY PASSENGER VEHICLE,1
01/01/16,HEAVY PASSENGER VEHICLE,1
01/01/19,HEAVY PASSENGER VEHICLE,5
01/01/20,HEAVY PASSENGER VEHICLE,2
01/01/21,HEAVY PASSENGER VEHICLE,15
01/01/22,HEAVY PASSENGER VEHICLE,126
01/01/23,HEAVY PASSENGER VEHICLE,138
01/01/24,HEAVY PASSENGER VEHICLE,543
01/02/14,HEAVY PASSENGER VEHICLE,1
01/02/18,HEAVY PASSENGER VEHICLE,11
01/02/19,HEAVY PASSENGER VEHICLE,25
01/02/20,HEAVY PASSENGER VEHICLE,19
01/02/21,HEAVY PASSENGER VEHICLE,133
01/02/22,HEAVY PASSENGER VEHICLE,133
01/02/23,HEAVY PASSENGER VEHICLE,111
01/02/24,HEAVY PASSENGER VEHICLE,341
01/03/07,HEAVY PASSENGER VEHICLE,1
01/03/08,HEAVY PASSENGER VEHICLE,2
01/03/18,HEAVY PASSENGER VEHICLE,6
01/03/19,HEAVY PASSENGER VEHICLE,4
01/03/20,HEAVY PASSENGER VEHICLE,5
01/03/21,HEAVY PASSENGER VEHICLE,42
01/03/22,HEAVY PASSENGER VEHICLE,77
01/03/23,HEAVY PASSENGER VEHICLE,85
01/03/24,HEAVY PASSENGER VEHICLE,468
01/04/05,HEAVY PASSENGER VEHICLE,2
01/04/16,HEAVY PASSENGER VEHICLE,1
01/04/18,HEAVY PASSENGER VEHICLE,9
01/04/19,HEAVY PASSENGER VEHICLE,15
01/04/21,HEAVY PASSENGER VEHICLE,149
01/04/22,HEAVY PASSENGER VEHICLE,165
01/04/23,HEAVY PASSENGER VEHICLE,87
01/04/24,HEAVY PASSENGER VEHICLE,219
01/05/07,HEAVY PASSENGER VEHICLE,2
01/05/17,HEAVY PASSENGER VEHICLE,1
01/05/18,HEAVY PASSENGER VEHICLE,1
01/05/19,HEAVY PASSENGER VEHICLE,27
01/05/21,HEAVY PASSENGER VEHICLE,11
01/05/22,HEAVY PASSENGER VEHICLE,165
01/05/23,HEAVY PASSENGER VEHICLE,268
01/05/24,HEAVY PASSENGER VEHICLE,244
01/06/18,HEAVY PASSENGER VEHICLE,1
01/06/19,HEAVY PASSENGER VEHICLE,15
01/06/21,HEAVY PASSENGER VEHICLE,41
01/06/22,HEAVY PASSENGER VEHICLE,145
01/06/23,HEAVY PASSENGER VEHICLE,204
01/06/24,HEAVY PASSENGER VEHICLE,129
01/07/15,HEAVY PASSENGER VEHICLE,1
01/07/19,HEAVY PASSENGER VEHICLE,35
01/07/21,HEAVY PASSENGER VEHICLE,39
01/07/22,HEAVY PASSENGER VEHICLE,207
01/07/23,HEAVY PASSENGER VEHICLE,142
01/07/24,HEAVY PASSENGER VEHICLE,390
01/08/02,HEAVY PASSENGER VEHICLE,1
01/08/19,HEAVY PASSENGER VEHICLE,80
01/08/21,HEAVY PASSENGER VEHICLE,77
01/08/22,HEAVY PASSENGER VEHICLE,222
01/08/23,HEAVY PASSENGER VEHICLE,247
01/08/24,HEAVY PASSENGER VEHICLE,23
01/09/02,HEAVY PASSENGER VEHICLE,1
01/09/08,HEAVY PASSENGER VEHICLE,1
01/09/19,HEAVY PASSENGER VEHICLE,33
01/09/20,HEAVY PASSENGER VEHICLE,1
01/09/21,HEAVY PASSENGER VEHICLE,79
01/09/22,HEAVY PASSENGER VEHICLE,214
01/09/23,HEAVY PASSENGER VEHICLE,193
01/10/02,HEAVY PASSENGER VEHICLE,6
01/10/05,HEAVY PASSENGER VEHICLE,1
01/10/16,HEAVY PASSENGER VEHICLE,1
01/10/18,HEAVY PASSENGER VEHICLE,1
01/10/19,HEAVY PASSENGER VEHICLE,42
01/10/20,HEAVY PASSENGER VEHICLE,8
01/10/21,HEAVY PASSENGER VEHICLE,83
01/10/22,HEAVY PASSENGER VEHICLE,245
01/10/23,HEAVY PASSENGER VEHICLE,203
01/11/03,HEAVY PASSENGER VEHICLE,1
01/11/10,HEAVY PASSENGER VEHICLE,1
01/11/17,HEAVY PASSENGER VEHICLE,8
01/11/18,HEAVY PASSENGER VEHICLE,7
01/11/19,HEAVY PASSENGER VEHICLE,49
01/11/20,HEAVY PASSENGER VEHICLE,8
01/11/21,HEAVY PASSENGER VEHICLE,34
01/11/22,HEAVY PASSENGER VEHICLE,117
01/11/23,HEAVY PASSENGER VEHICLE,228
01/12/19,HEAVY PASSENGER VEHICLE,41
01/12/20,HEAVY PASSENGER VEHICLE,10
01/12/21,HEAVY PASSENGER VEHICLE,218
01/12/22,HEAVY PASSENGER VEHICLE,146
01/12/23,HEAVY PASSENGER VEHICLE,491
01/01/01,LIGHT GOODS VEHICLE,9
01/01/02,LIGHT GOODS VEHICLE,266
01/01/03,LIGHT GOODS VEHICLE,35
01/01/04,LIGHT GOODS VEHICLE,14
01/01/05,LIGHT GOODS VEHICLE,10
01/01/06,LIGHT GOODS VEHICLE,9
01/01/07,LIGHT GOODS VEHICLE,7
01/01/08,LIGHT GOODS VEHICLE,6
01/01/09,LIGHT GOODS VEHICLE,2
01/01/10,LIGHT GOODS VEHICLE,7
01/01/11,LIGHT GOODS VEHICLE,48
01/01/12,LIGHT GOODS VEHICLE,8
01/01/13,LIGHT GOODS VEHICLE,5
01/01/14,LIGHT GOODS VEHICLE,6
01/01/15,LIGHT GOODS VEHICLE,5
01/01/16,LIGHT GOODS VEHICLE,4
01/01/17,LIGHT GOODS VEHICLE,10
01/01/18,LIGHT GOODS VEHICLE,112
01/01/19,LIGHT GOODS VEHICLE,11
01/01/20,LIGHT GOODS VEHICLE,1
01/01/22,LIGHT GOODS VEHICLE,15
01/01/23,LIGHT GOODS VEHICLE,33
01/01/24,LIGHT GOODS VEHICLE,397
01/02/01,LIGHT GOODS VEHICLE,7
01/02/02,LIGHT GOODS VEHICLE,324
01/02/03,LIGHT GOODS VEHICLE,52
01/02/04,LIGHT GOODS VEHICLE,10
01/02/05,LIGHT GOODS VEHICLE,8
01/02/06,LIGHT GOODS VEHICLE,7
01/02/07,LIGHT GOODS VEHICLE,4
01/02/08,LIGHT GOODS VEHICLE,7
01/02/09,LIGHT GOODS VEHICLE,4
01/02/10,LIGHT GOODS VEHICLE,1
01/02/11,LIGHT GOODS VEHICLE,44
01/02/12,LIGHT GOODS VEHICLE,8
01/02/13,LIGHT GOODS VEHICLE,9
01/02/14,LIGHT GOODS VEHICLE,11
01/02/15,LIGHT GOODS VEHICLE,5
01/02/16,LIGHT GOODS VEHICLE,14
01/02/17,LIGHT GOODS VEHICLE,37
01/02/18,LIGHT GOODS VEHICLE,69
01/02/19,LIGHT GOODS VEHICLE,2
01/02/20,LIGHT GOODS VEHICLE,2
01/02/21,LIGHT GOODS VEHICLE,8
01/02/22,LIGHT GOODS VEHICLE,15
01/02/23,LIGHT GOODS VEHICLE,81
01/02/24,LIGHT GOODS VEHICLE,489
01/03/01,LIGHT GOODS VEHICLE,6
01/03/02,LIGHT GOODS VEHICLE,881
01/03/03,LIGHT GOODS VEHICLE,85
01/03/04,LIGHT GOODS VEHICLE,11
01/03/05,LIGHT GOODS VEHICLE,13
01/03/06,LIGHT GOODS VEHICLE,6
01/03/07,LIGHT GOODS VEHICLE,6
01/03/08,LIGHT GOODS VEHICLE,3
01/03/09,LIGHT GOODS VEHICLE,5
01/03/10,LIGHT GOODS VEHICLE,7
01/03/11,LIGHT GOODS VEHICLE,44
01/03/12,LIGHT GOODS VEHICLE,7
01/03/13,LIGHT GOODS VEHICLE,12
01/03/14,LIGHT GOODS VEHICLE,17
01/03/15,LIGHT GOODS VEHICLE,5
01/03/17,LIGHT GOODS VEHICLE,203
01/03/18,LIGHT GOODS VEHICLE,80
01/03/19,LIGHT GOODS VEHICLE,1
01/03/20,LIGHT GOODS VEHICLE,3
01/03/21,LIGHT GOODS VEHICLE,17
01/03/22,LIGHT GOODS VEHICLE,30
01/03/23,LIGHT GOODS VEHICLE,72
01/03/24,LIGHT GOODS VEHICLE,1645
01/04/01,LIGHT GOODS VEHICLE,12
01/04/02,LIGHT GOODS VEHICLE,110
01/04/03,LIGHT GOODS VEHICLE,43
01/04/04,LIGHT GOODS VEHICLE,10
01/04/05,LIGHT GOODS VEHICLE,5
01/04/06,LIGHT GOODS VEHICLE,12
01/04/07,LIGHT GOODS VEHICLE,7
01/04/08,LIGHT GOODS VEHICLE,4
01/04/09,LIGHT GOODS VEHICLE,2
01/04/10,LIGHT GOODS VEHICLE,5
01/04/11,LIGHT GOODS VEHICLE,2
01/04/12,LIGHT GOODS VEHICLE,5
01/04/13,LIGHT GOODS VEHICLE,9
01/04/14,LIGHT GOODS VEHICLE,10
01/04/15,LIGHT GOODS VEHICLE,1
01/04/16,LIGHT GOODS VEHICLE,8
01/04/17,LIGHT GOODS VEHICLE,109
01/04/18,LIGHT GOODS VEHICLE,65
01/04/19,LIGHT GOODS VEHICLE,3
01/04/21,LIGHT GOODS VEHICLE,440
01/04/22,LIGHT GOODS VEHICLE,20
01/04/23,LIGHT GOODS VEHICLE,135
01/04/24,LIGHT GOODS VEHICLE,279
01/05/01,LIGHT GOODS VEHICLE,14
01/05/02,LIGHT GOODS VEHICLE,120
01/05/03,LIGHT GOODS VEHICLE,34
01/05/04,LIGHT GOODS VEHICLE,4
01/05/05,LIGHT GOODS VEHICLE,5
01/05/06,LIGHT GOODS VEHICLE,14
01/05/07,LIGHT GOODS VEHICLE,6
01/05/09,LIGHT GOODS VEHICLE,2
01/05/10,LIGHT GOODS VEHICLE,10
01/05/12,LIGHT GOODS VEHICLE,8
01/05/13,LIGHT GOODS VEHICLE,4
01/05/14,LIGHT GOODS VEHICLE,8
01/05/15,LIGHT GOODS VEHICLE,3
01/05/16,LIGHT GOODS VEHICLE,8
01/05/17,LIGHT GOODS VEHICLE,53
01/05/18,LIGHT GOODS VEHICLE,87
01/05/19,LIGHT GOODS VEHICLE,2
01/05/21,LIGHT GOODS VEHICLE,1
01/05/22,LIGHT GOODS VEHICLE,28
01/05/23,LIGHT GOODS VEHICLE,168
01/05/24,LIGHT GOODS VEHICLE,284
01/06/01,LIGHT GOODS VEHICLE,12
01/06/02,LIGHT GOODS VEHICLE,33
01/06/03,LIGHT GOODS VEHICLE,37
01/06/04,LIGHT GOODS VEHICLE,6
01/06/05,LIGHT GOODS VEHICLE,8
01/06/06,LIGHT GOODS VEHICLE,12
01/06/07,LIGHT GOODS VEHICLE,5
01/06/08,LIGHT GOODS VEHICLE,3
01/06/09,LIGHT GOODS VEHICLE,1
01/06/10,LIGHT GOODS VEHICLE,5
01/06/11,LIGHT GOODS VEHICLE,8
01/06/12,LIGHT GOODS VEHICLE,6
01/06/13,LIGHT GOODS VEHICLE,6
01/06/14,LIGHT GOODS VEHICLE,9
01/06/15,LIGHT GOODS VEHICLE,3
01/06/16,LIGHT GOODS VEHICLE,8
01/06/17,LIGHT GOODS VEHICLE,68
01/06/18,LIGHT GOODS VEHICLE,78
01/06/19,LIGHT GOODS VEHICLE,3
01/06/21,LIGHT GOODS VEHICLE,217
01/06/22,LIGHT GOODS VEHICLE,50
01/06/23,LIGHT GOODS VEHICLE,195
01/06/24,LIGHT GOODS VEHICLE,375
01/07/01,LIGHT GOODS VEHICLE,9
01/07/02,LIGHT GOODS VEHICLE,26
01/07/03,LIGHT GOODS VEHICLE,8
01/07/04,LIGHT GOODS VEHICLE,13
01/07/05,LIGHT GOODS VEHICLE,9
01/07/06,LIGHT GOODS VEHICLE,9
01/07/07,LIGHT GOODS VEHICLE,6
01/07/08,LIGHT GOODS VEHICLE,5
01/07/10,LIGHT GOODS VEHICLE,5
01/07/11,LIGHT GOODS VEHICLE,9
01/07/12,LIGHT GOODS VEHICLE,4
01/07/13,LIGHT GOODS VEHICLE,8
01/07/14,LIGHT GOODS VEHICLE,9
01/07/15,LIGHT GOODS VEHICLE,5
01/07/16,LIGHT GOODS VEHICLE,9
01/07/17,LIGHT GOODS VEHICLE,47
01/07/18,LIGHT GOODS VEHICLE,97
01/07/19,LIGHT GOODS VEHICLE,5
01/07/20,LIGHT GOODS VEHICLE,1
01/07/21,LIGHT GOODS VEHICLE,135
01/07/22,LIGHT GOODS VEHICLE,29
01/07/23,LIGHT GOODS VEHICLE,205
01/07/24,LIGHT GOODS VEHICLE,340
01/08/01,LIGHT GOODS VEHICLE,6
01/08/02,LIGHT GOODS VEHICLE,27
01/08/03,LIGHT GOODS VEHICLE,10
01/08/04,LIGHT GOODS VEHICLE,8
01/08/05,LIGHT GOODS VEHICLE,5
01/08/06,LIGHT GOODS VEHICLE,6
01/08/07,LIGHT GOODS VEHICLE,7
01/08/08,LIGHT GOODS VEHICLE,2
01/08/09,LIGHT GOODS VEHICLE,4
01/08/10,LIGHT GOODS VEHICLE,4
01/08/11,LIGHT GOODS VEHICLE,9
01/08/12,LIGHT GOODS VEHICLE,6
01/08/13,LIGHT GOODS VEHICLE,9
01/08/14,LIGHT GOODS VEHICLE,2
01/08/15,LIGHT GOODS VEHICLE,4
01/08/16,LIGHT GOODS VEHICLE,6
01/08/17,LIGHT GOODS VEHICLE,42
01/08/18,LIGHT GOODS VEHICLE,81
01/08/19,LIGHT GOODS VEHICLE,11
01/08/21,LIGHT GOODS VEHICLE,85
01/08/22,LIGHT GOODS VEHICLE,29
01/08/23,LIGHT GOODS VEHICLE,262
01/08/24,LIGHT GOODS VEHICLE,14
01/09/01,LIGHT GOODS VEHICLE,49
01/09/02,LIGHT GOODS VEHICLE,26
01/09/03,LIGHT GOODS VEHICLE,6
01/09/04,LIGHT GOODS VEHICLE,4
01/09/05,LIGHT GOODS VEHICLE,11
01/09/06,LIGHT GOODS VEHICLE,49
01/09/07,LIGHT GOODS VEHICLE,5
01/09/08,LIGHT GOODS VEHICLE,2
01/09/10,LIGHT GOODS VEHICLE,6
01/09/11,LIGHT GOODS VEHICLE,5
01/09/12,LIGHT GOODS VEHICLE,30
01/09/13,LIGHT GOODS VEHICLE,7
01/09/14,LIGHT GOODS VEHICLE,1
01/09/15,LIGHT GOODS VEHICLE,7
01/09/16,LIGHT GOODS VEHICLE,2
01/09/17,LIGHT GOODS VEHICLE,76
01/09/18,LIGHT GOODS VEHICLE,33
01/09/20,LIGHT GOODS VEHICLE,3
01/09/21,LIGHT GOODS VEHICLE,29
01/09/22,LIGHT GOODS VEHICLE,25
01/09/23,LIGHT GOODS VEHICLE,258
01/10/01,LIGHT GOODS VEHICLE,5
01/10/02,LIGHT GOODS VEHICLE,37
01/10/03,LIGHT GOODS VEHICLE,10
01/10/04,LIGHT GOODS VEHICLE,7
01/10/05,LIGHT GOODS VEHICLE,2
01/10/06,LIGHT GOODS VEHICLE,5
01/10/07,LIGHT GOODS VEHICLE,2
01/10/08,LIGHT GOODS VEHICLE,3
01/10/09,LIGHT GOODS VEHICLE,3
01/10/10,LIGHT GOODS VEHICLE,6
01/10/11,LIGHT GOODS VEHICLE,4
01/10/12,LIGHT GOODS VEHICLE,14
01/10/13,LIGHT GOODS VEHICLE,9
01/10/14,LIGHT GOODS VEHICLE,1
01/10/15,LIGHT GOODS VEHICLE,5
01/10/16,LIGHT GOODS VEHICLE,21
01/10/17,LIGHT GOODS VEHICLE,80
01/10/18,LIGHT GOODS VEHICLE,15
01/10/19,LIGHT GOODS VEHICLE,1
01/10/20,LIGHT GOODS VEHICLE,1
01/10/21,LIGHT GOODS VEHICLE,24
01/10/22,LIGHT GOODS VEHICLE,22
01/10/23,LIGHT GOODS VEHICLE,340
01/11/01,LIGHT GOODS VEHICLE,6
01/11/02,LIGHT GOODS VEHICLE,44
01/11/03,LIGHT GOODS VEHICLE,8
01/11/04,LIGHT GOODS VEHICLE,6
01/11/05,LIGHT GOODS VEHICLE,6
01/11/06,LIGHT GOODS VEHICLE,6
01/11/07,LIGHT GOODS VEHICLE,3
01/11/09,LIGHT GOODS VEHICLE,2
01/11/10,LIGHT GOODS VEHICLE,9
01/11/11,LIGHT GOODS VEHICLE,5
01/11/12,LIGHT GOODS VEHICLE,5
01/11/13,LIGHT GOODS VEHICLE,6
01/11/14,LIGHT GOODS VEHICLE,1
01/11/15,LIGHT GOODS VEHICLE,4
01/11/16,LIGHT GOODS VEHICLE,12
01/11/17,LIGHT GOODS VEHICLE,88
01/11/18,LIGHT GOODS VEHICLE,15
01/11/19,LIGHT GOODS VEHICLE,2
01/11/20,LIGHT GOODS VEHICLE,1
01/11/21,LIGHT GOODS VEHICLE,16
01/11/22,LIGHT GOODS VEHICLE,35
01/11/23,LIGHT GOODS VEHICLE,277
01/12/01,LIGHT GOODS VEHICLE,9
01/12/02,LIGHT GOODS VEHICLE,42
01/12/03,LIGHT GOODS VEHICLE,3
01/12/04,LIGHT GOODS VEHICLE,10
01/12/05,LIGHT GOODS VEHICLE,4
01/12/06,LIGHT GOODS VEHICLE,9
01/12/07,LIGHT GOODS VEHICLE,3
01/12/08,LIGHT GOODS VEHICLE,3
01/12/09,LIGHT GOODS VEHICLE,2
01/12/10,LIGHT GOODS VEHICLE,26
01/12/11,LIGHT GOODS VEHICLE,6
01/12/12,LIGHT GOODS VEHICLE,6
01/12/13,LIGHT GOODS VEHICLE,9
01/12/14,LIGHT GOODS VEHICLE,3
01/12/15,LIGHT GOODS VEHICLE,4
01/12/16,LIGHT GOODS VEHICLE,3
01/12/17,LIGHT GOODS VEHICLE,93
01/12/18,LIGHT GOODS VEHICLE,27
01/12/19,LIGHT GOODS VEHICLE,18
01/12/20,LIGHT GOODS VEHICLE,1
01/12/21,LIGHT GOODS VEHICLE,16
01/12/22,LIGHT GOODS VEHICLE,30
01/12/23,LIGHT GOODS VEHICLE,254
01/01/01,LIGHT MOTOR VEHICLE,15
01/01/02,LIGHT MOTOR VEHICLE,11
01/01/03,LIGHT MOTOR VEHICLE,15
01/01/04,LIGHT MOTOR VEHICLE,17
01/01/05,LIGHT MOTOR VEHICLE,14
01/01/06,LIGHT MOTOR VEHICLE,15
01/01/07,LIGHT MOTOR VEHICLE,20
01/01/08,LIGHT MOTOR VEHICLE,40
01/01/09,LIGHT MOTOR VEHICLE,41
01/01/10,LIGHT MOTOR VEHICLE,17
01/01/11,LIGHT MOTOR VEHICLE,70
01/01/12,LIGHT MOTOR VEHICLE,87
01/01/13,LIGHT MOTOR VEHICLE,27
01/01/14,LIGHT MOTOR VEHICLE,46
01/01/15,LIGHT MOTOR VEHICLE,76
01/01/16,LIGHT MOTOR VEHICLE,86
01/01/17,LIGHT MOTOR VEHICLE,72
01/01/18,LIGHT MOTOR VEHICLE,69
01/01/19,LIGHT MOTOR VEHICLE,64
01/01/20,LIGHT MOTOR VEHICLE,84
01/01/21,LIGHT MOTOR VEHICLE,579
01/01/22,LIGHT MOTOR VEHICLE,1360
01/01/23,LIGHT MOTOR VEHICLE,2971
01/01/24,LIGHT MOTOR VEHICLE,7024
01/02/01,LIGHT MOTOR VEHICLE,28
01/02/02,LIGHT MOTOR VEHICLE,6
01/02/03,LIGHT MOTOR VEHICLE,28
01/02/04,LIGHT MOTOR VEHICLE,4
01/02/05,LIGHT MOTOR VEHICLE,13
01/02/06,LIGHT MOTOR VEHICLE,28
01/02/07,LIGHT MOTOR VEHICLE,38
01/02/08,LIGHT MOTOR VEHICLE,83
01/02/09,LIGHT MOTOR VEHICLE,43
01/02/10,LIGHT MOTOR VEHICLE,16
01/02/11,LIGHT MOTOR VEHICLE,164
01/02/12,LIGHT MOTOR VEHICLE,67
01/02/13,LIGHT MOTOR VEHICLE,21
01/02/14,LIGHT MOTOR VEHICLE,28
01/02/15,LIGHT MOTOR VEHICLE,62
01/02/16,LIGHT MOTOR VEHICLE,61
01/02/17,LIGHT MOTOR VEHICLE,54
01/02/18,LIGHT MOTOR VEHICLE,117
01/02/19,LIGHT MOTOR VEHICLE,157
01/02/20,LIGHT MOTOR VEHICLE,105
01/02/21,LIGHT MOTOR VEHICLE,586
01/02/22,LIGHT MOTOR VEHICLE,2308
01/02/23,LIGHT MOTOR VEHICLE,4366
01/02/24,LIGHT MOTOR VEHICLE,6845
01/03/01,LIGHT MOTOR VEHICLE,26
01/03/02,LIGHT MOTOR VEHICLE,23
01/03/03,LIGHT MOTOR VEHICLE,42
01/03/04,LIGHT MOTOR VEHICLE,20
01/03/05,LIGHT MOTOR VEHICLE,16
01/03/06,LIGHT MOTOR VEHICLE,26
01/03/07,LIGHT MOTOR VEHICLE,46
01/03/08,LIGHT MOTOR VEHICLE,33
01/03/09,LIGHT MOTOR VEHICLE,48
01/03/10,LIGHT MOTOR VEHICLE,32
01/03/11,LIGHT MOTOR VEHICLE,76
01/03/12,LIGHT MOTOR VEHICLE,111
01/03/13,LIGHT MOTOR VEHICLE,30
01/03/14,LIGHT MOTOR VEHICLE,40
01/03/15,LIGHT MOTOR VEHICLE,72
01/03/16,LIGHT MOTOR VEHICLE,56
01/03/17,LIGHT MOTOR VEHICLE,80
01/03/18,LIGHT MOTOR VEHICLE,93
01/03/19,LIGHT MOTOR VEHICLE,162
01/03/20,LIGHT MOTOR VEHICLE,238
01/03/21,LIGHT MOTOR VEHICLE,799
01/03/22,LIGHT MOTOR VEHICLE,3656
01/03/23,LIGHT MOTOR VEHICLE,7157
01/03/24,LIGHT MOTOR VEHICLE,7609
01/04/01,LIGHT MOTOR VEHICLE,20
01/04/02,LIGHT MOTOR VEHICLE,9
01/04/03,LIGHT MOTOR VEHICLE,22
01/04/04,LIGHT MOTOR VEHICLE,30
01/04/05,LIGHT MOTOR VEHICLE,9
01/04/06,LIGHT MOTOR VEHICLE,20
01/04/07,LIGHT MOTOR VEHICLE,26
01/04/08,LIGHT MOTOR VEHICLE,28
01/04/09,LIGHT MOTOR VEHICLE,44
01/04/10,LIGHT MOTOR VEHICLE,20
01/04/11,LIGHT MOTOR VEHICLE,62
01/04/12,LIGHT MOTOR VEHICLE,16
01/04/13,LIGHT MOTOR VEHICLE,72
01/04/14,LIGHT MOTOR VEHICLE,44
01/04/15,LIGHT MOTOR VEHICLE,42
01/04/16,LIGHT MOTOR VEHICLE,66
01/04/17,LIGHT MOTOR VEHICLE,82
01/04/18,LIGHT MOTOR VEHICLE,94
01/04/19,LIGHT MOTOR VEHICLE,111
01/04/20,LIGHT MOTOR VEHICLE,2
01/04/21,LIGHT MOTOR VEHICLE,610
01/04/22,LIGHT MOTOR VEHICLE,1805
01/04/23,LIGHT MOTOR VEHICLE,5412
01/04/24,LIGHT MOTOR VEHICLE,7023
01/05/01,LIGHT MOTOR VEHICLE,17
01/05/02,LIGHT MOTOR VEHICLE,19
01/05/03,LIGHT MOTOR VEHICLE,33
01/05/04,LIGHT MOTOR VEHICLE,18
01/05/05,LIGHT MOTOR VEHICLE,25
01/05/06,LIGHT MOTOR VEHICLE,17
01/05/07,LIGHT MOTOR VEHICLE,20
01/05/08,LIGHT MOTOR VEHICLE,29
01/05/09,LIGHT MOTOR VEHICLE,23
01/05/10,LIGHT MOTOR VEHICLE,19
01/05/12,LIGHT MOTOR VEHICLE,28
01/05/13,LIGHT MOTOR VEHICLE,63
01/05/14,LIGHT MOTOR VEHICLE,49
01/05/15,LIGHT MOTOR VEHICLE,59
01/05/16,LIGHT MOTOR VEHICLE,46
01/05/17,LIGHT MOTOR VEHICLE,75
01/05/18,LIGHT MOTOR VEHICLE,113
01/05/19,LIGHT MOTOR VEHICLE,47
01/05/20,LIGHT MOTOR VEHICLE,62
01/05/21,LIGHT MOTOR VEHICLE,255
01/05/22,LIGHT MOTOR VEHICLE,2284
01/05/23,LIGHT MOTOR VEHICLE,6840
01/05/24,LIGHT MOTOR VEHICLE,6715
01/06/01,LIGHT MOTOR VEHICLE,39
01/06/02,LIGHT MOTOR VEHICLE,21
01/06/03,LIGHT MOTOR VEHICLE,26
01/06/04,LIGHT MOTOR VEHICLE,15
01/06/05,LIGHT MOTOR VEHICLE,9
01/06/06,LIGHT MOTOR VEHICLE,39
01/06/07,LIGHT MOTOR VEHICLE,11
01/06/08,LIGHT MOTOR VEHICLE,52
01/06/09,LIGHT MOTOR VEHICLE,23
01/06/10,LIGHT MOTOR VEHICLE,42
01/06/11,LIGHT MOTOR VEHICLE,74
01/06/12,LIGHT MOTOR VEHICLE,48
01/06/13,LIGHT MOTOR VEHICLE,53
01/06/14,LIGHT MOTOR VEHICLE,25
01/06/15,LIGHT MOTOR VEHICLE,70
01/06/16,LIGHT MOTOR VEHICLE,47
01/06/17,LIGHT MOTOR VEHICLE,80
01/06/18,LIGHT MOTOR VEHICLE,123
01/06/19,LIGHT MOTOR VEHICLE,33
01/06/20,LIGHT MOTOR VEHICLE,241
01/06/21,LIGHT MOTOR VEHICLE,800
01/06/22,LIGHT MOTOR VEHICLE,2938
01/06/23,LIGHT MOTOR VEHICLE,6960
01/06/24,LIGHT MOTOR VEHICLE,5833
01/07/01,LIGHT MOTOR VEHICLE,30
01/07/02,LIGHT MOTOR VEHICLE,19
01/07/03,LIGHT MOTOR VEHICLE,22
01/07/04,LIGHT MOTOR VEHICLE,20
01/07/05,LIGHT MOTOR VEHICLE,31
01/07/06,LIGHT MOTOR VEHICLE,30
01/07/07,LIGHT MOTOR VEHICLE,54
01/07/08,LIGHT MOTOR VEHICLE,90
01/07/09,LIGHT MOTOR VEHICLE,44
01/07/10,LIGHT MOTOR VEHICLE,30
01/07/11,LIGHT MOTOR VEHICLE,60
01/07/12,LIGHT MOTOR VEHICLE,54
01/07/13,LIGHT MOTOR VEHICLE,41
01/07/14,LIGHT MOTOR VEHICLE,30
01/07/15,LIGHT MOTOR VEHICLE,77
01/07/16,LIGHT MOTOR VEHICLE,52
01/07/17,LIGHT MOTOR VEHICLE,73
01/07/18,LIGHT MOTOR VEHICLE,91
01/07/19,LIGHT MOTOR VEHICLE,67
01/07/20,LIGHT MOTOR VEHICLE,351
01/07/21,LIGHT MOTOR VEHICLE,1070
01/07/22,LIGHT MOTOR VEHICLE,2957
01/07/23,LIGHT MOTOR VEHICLE,6920
01/07/24,LIGHT MOTOR VEHICLE,6343
01/08/01,LIGHT MOTOR VEHICLE,44
01/08/02,LIGHT MOTOR VEHICLE,27
01/08/03,LIGHT MOTOR VEHICLE,28
01/08/04,LIGHT MOTOR VEHICLE,9
01/08/05,LIGHT MOTOR VEHICLE,25
01/08/06,LIGHT MOTOR VEHICLE,44
01/08/07,LIGHT MOTOR VEHICLE,31
01/08/08,LIGHT MOTOR VEHICLE,62
01/08/09,LIGHT MOTOR VEHICLE,28
01/08/10,LIGHT MOTOR VEHICLE,42
01/08/11,LIGHT MOTOR VEHICLE,65
01/08/12,LIGHT MOTOR VEHICLE,41
01/08/13,LIGHT MOTOR VEHICLE,41
01/08/14,LIGHT MOTOR VEHICLE,64
01/08/15,LIGHT MOTOR VEHICLE,61
01/08/16,LIGHT MOTOR VEHICLE,64
01/08/17,LIGHT MOTOR VEHICLE,81
01/08/18,LIGHT MOTOR VEHICLE,71
01/08/19,LIGHT MOTOR VEHICLE,83
01/08/20,LIGHT MOTOR VEHICLE,363
01/08/21,LIGHT MOTOR VEHICLE,1082
01/08/22,LIGHT MOTOR VEHICLE,2918
01/08/23,LIGHT MOTOR VEHICLE,6302
01/08/24,LIGHT MOTOR VEHICLE,445
01/09/01,LIGHT MOTOR VEHICLE,37
01/09/02,LIGHT MOTOR VEHICLE,23
01/09/03,LIGHT MOTOR VEHICLE,26
01/09/04,LIGHT MOTOR VEHICLE,22
01/09/05,LIGHT MOTOR VEHICLE,24
01/09/06,LIGHT MOTOR VEHICLE,37
01/09/07,LIGHT MOTOR VEHICLE,35
01/09/08,LIGHT MOTOR VEHICLE,56
01/09/09,LIGHT MOTOR VEHICLE,41
01/09/10,LIGHT MOTOR VEHICLE,45
01/09/11,LIGHT MOTOR VEHICLE,41
01/09/12,LIGHT MOTOR VEHICLE,31
01/09/13,LIGHT MOTOR VEHICLE,35
01/09/14,LIGHT MOTOR VEHICLE,63
01/09/15,LIGHT MOTOR VEHICLE,57
01/09/16,LIGHT MOTOR VEHICLE,54
01/09/17,LIGHT MOTOR VEHICLE,107
01/09/18,LIGHT MOTOR VEHICLE,96
01/09/19,LIGHT MOTOR VEHICLE,67
01/09/20,LIGHT MOTOR VEHICLE,321
01/09/21,LIGHT MOTOR VEHICLE,1182
01/09/22,LIGHT MOTOR VEHICLE,3234
01/09/23,LIGHT MOTOR VEHICLE,5765
01/10/01,LIGHT MOTOR VEHICLE,19
01/10/02,LIGHT MOTOR VEHICLE,8
01/10/03,LIGHT MOTOR VEHICLE,24
01/10/04,LIGHT MOTOR VEHICLE,24
01/10/05,LIGHT MOTOR VEHICLE,21
01/10/06,LIGHT MOTOR VEHICLE,19
01/10/07,LIGHT MOTOR VEHICLE,37
01/10/08,LIGHT MOTOR VEHICLE,45
01/10/09,LIGHT MOTOR VEHICLE,34
01/10/10,LIGHT MOTOR VEHICLE,33
01/10/11,LIGHT MOTOR VEHICLE,47
01/10/12,LIGHT MOTOR VEHICLE,22
01/10/13,LIGHT MOTOR VEHICLE,53
01/10/14,LIGHT MOTOR VEHICLE,63
01/10/15,LIGHT MOTOR VEHICLE,57
01/10/16,LIGHT MOTOR VEHICLE,79
01/10/17,LIGHT MOTOR VEHICLE,104
01/10/18,LIGHT MOTOR VEHICLE,56
01/10/19,LIGHT MOTOR VEHICLE,82
01/10/20,LIGHT MOTOR VEHICLE,459
01/10/21,LIGHT MOTOR VEHICLE,1259
01/10/22,LIGHT MOTOR VEHICLE,3309
01/10/23,LIGHT MOTOR VEHICLE,6445
01/11/01,LIGHT MOTOR VEHICLE,27
01/11/02,LIGHT MOTOR VEHICLE,16
01/11/03,LIGHT MOTOR VEHICLE,15
01/11/04,LIGHT MOTOR VEHICLE,29
01/11/05,LIGHT MOTOR VEHICLE,21
01/11/06,LIGHT MOTOR VEHICLE,27
01/11/07,LIGHT MOTOR VEHICLE,37
01/11/08,LIGHT MOTOR VEHICLE,44
01/11/09,LIGHT MOTOR VEHICLE,37
01/11/10,LIGHT MOTOR VEHICLE,31
01/11/11,LIGHT MOTOR VEHICLE,63
01/11/12,LIGHT MOTOR VEHICLE,22
01/11/13,LIGHT MOTOR VEHICLE,32
01/11/14,LIGHT MOTOR VEHICLE,58
01/11/15,LIGHT MOTOR VEHICLE,55
01/11/16,LIGHT MOTOR VEHICLE,77
01/11/17,LIGHT MOTOR VEHICLE,63
01/11/18,LIGHT MOTOR VEHICLE,106
01/11/19,LIGHT MOTOR VEHICLE,85
01/11/20,LIGHT MOTOR VEHICLE,537
01/11/21,LIGHT MOTOR VEHICLE,1599
01/11/22,LIGHT MOTOR VEHICLE,3556
01/11/23,LIGHT MOTOR VEHICLE,7129
01/12/01,LIGHT MOTOR VEHICLE,13
01/12/02,LIGHT MOTOR VEHICLE,15
01/12/03,LIGHT MOTOR VEHICLE,13
01/12/04,LIGHT MOTOR VEHICLE,23
01/12/05,LIGHT MOTOR VEHICLE,22
01/12/06,LIGHT MOTOR VEHICLE,13
01/12/07,LIGHT MOTOR VEHICLE,49
01/12/08,LIGHT MOTOR VEHICLE,48
01/12/09,LIGHT MOTOR VEHICLE,22
01/12/10,LIGHT MOTOR VEHICLE,62
01/12/11,LIGHT MOTOR VEHICLE,55
01/12/12,LIGHT MOTOR VEHICLE,29
01/12/13,LIGHT MOTOR VEHICLE,39
01/12/14,LIGHT MOTOR VEHICLE,62
01/12/15,LIGHT MOTOR VEHICLE,70
01/12/16,LIGHT MOTOR VEHICLE,36
01/12/17,LIGHT MOTOR VEHICLE,60
01/12/18,LIGHT MOTOR VEHICLE,114
01/12/19,LIGHT MOTOR VEHICLE,57
01/12/20,LIGHT MOTOR VEHICLE,505
01/12/21,LIGHT MOTOR VEHICLE,2483
01/12/22,LIGHT MOTOR VEHICLE,2925
01/12/23,LIGHT MOTOR VEHICLE,7008
01/01/01,LIGHT PASSENGER VEHICLE,1
01/01/02,LIGHT PASSENGER VEHICLE,5
01/01/03,LIGHT PASSENGER VEHICLE,1
01/01/04,LIGHT PASSENGER VEHICLE,1
01/01/05,LIGHT PASSENGER VEHICLE,1
01/01/06,LIGHT PASSENGER VEHICLE,1
01/01/08,LIGHT PASSENGER VEHICLE,3
01/01/12,LIGHT PASSENGER VEHICLE,5
01/01/13,LIGHT PASSENGER VEHICLE,1
01/01/14,LIGHT PASSENGER VEHICLE,1
01/01/16,LIGHT PASSENGER VEHICLE,7
01/01/17,LIGHT PASSENGER VEHICLE,21
01/01/18,LIGHT PASSENGER VEHICLE,27
01/01/19,LIGHT PASSENGER VEHICLE,9
01/01/20,LIGHT PASSENGER VEHICLE,204
01/01/21,LIGHT PASSENGER VEHICLE,73
01/01/22,LIGHT PASSENGER VEHICLE,202
01/01/23,LIGHT PASSENGER VEHICLE,472
01/01/24,LIGHT PASSENGER VEHICLE,1453
01/02/02,LIGHT PASSENGER VEHICLE,11
01/02/03,LIGHT PASSENGER VEHICLE,4
01/02/05,LIGHT PASSENGER VEHICLE,1
01/02/07,LIGHT PASSENGER VEHICLE,1
01/02/08,LIGHT PASSENGER VEHICLE,1
01/02/10,LIGHT PASSENGER VEHICLE,2
01/02/11,LIGHT PASSENGER VEHICLE,5
01/02/12,LIGHT PASSENGER VEHICLE,1
01/02/13,LIGHT PASSENGER VEHICLE,1
01/02/15,LIGHT PASSENGER VEHICLE,1
01/02/16,LIGHT PASSENGER VEHICLE,1
01/02/17,LIGHT PASSENGER VEHICLE,21
01/02/18,LIGHT PASSENGER VEHICLE,73
01/02/19,LIGHT PASSENGER VEHICLE,71
01/02/20,LIGHT PASSENGER VEHICLE,387
01/02/21,LIGHT PASSENGER VEHICLE,31
01/02/22,LIGHT PASSENGER VEHICLE,144
01/02/23,LIGHT PASSENGER VEHICLE,395
01/02/24,LIGHT PASSENGER VEHICLE,668
01/03/02,LIGHT PASSENGER VEHICLE,8
01/03/04,LIGHT PASSENGER VEHICLE,1
01/03/05,LIGHT PASSENGER VEHICLE,2
01/03/07,LIGHT PASSENGER VEHICLE,6
01/03/08,LIGHT PASSENGER VEHICLE,2
01/03/10,LIGHT PASSENGER VEHICLE,1
01/03/11,LIGHT PASSENGER VEHICLE,5
01/03/12,LIGHT PASSENGER VEHICLE,7
01/03/13,LIGHT PASSENGER VEHICLE,4
01/03/14,LIGHT PASSENGER VEHICLE,9
01/03/16,LIGHT PASSENGER VEHICLE,26
01/03/17,LIGHT PASSENGER VEHICLE,57
01/03/18,LIGHT PASSENGER VEHICLE,10
01/03/19,LIGHT PASSENGER VEHICLE,79
01/03/20,LIGHT PASSENGER VEHICLE,187
01/03/21,LIGHT PASSENGER VEHICLE,87
01/03/22,LIGHT PASSENGER VEHICLE,67
01/03/23,LIGHT PASSENGER VEHICLE,1676
01/03/24,LIGHT PASSENGER VEHICLE,1787
01/04/01,LIGHT PASSENGER VEHICLE,2
01/04/02,LIGHT PASSENGER VEHICLE,8
01/04/03,LIGHT PASSENGER VEHICLE,2
01/04/05,LIGHT PASSENGER VEHICLE,1
01/04/06,LIGHT PASSENGER VEHICLE,2
01/04/07,LIGHT PASSENGER VEHICLE,1
01/04/08,LIGHT PASSENGER VEHICLE,1
01/04/09,LIGHT PASSENGER VEHICLE,1
01/04/10,LIGHT PASSENGER VEHICLE,2
01/04/12,LIGHT PASSENGER VEHICLE,1
01/04/13,LIGHT PASSENGER VEHICLE,1
01/04/14,LIGHT PASSENGER VEHICLE,2
01/04/15,LIGHT PASSENGER VEHICLE,4
01/04/16,LIGHT PASSENGER VEHICLE,3
01/04/17,LIGHT PASSENGER VEHICLE,7
01/04/18,LIGHT PASSENGER VEHICLE,54
01/04/19,LIGHT PASSENGER VEHICLE,29
01/04/20,LIGHT PASSENGER VEHICLE,1
01/04/21,LIGHT PASSENGER VEHICLE,24
01/04/22,LIGHT PASSENGER VEHICLE,450
01/04/23,LIGHT PASSENGER VEHICLE,624
01/04/24,LIGHT PASSENGER VEHICLE,182
01/05/02,LIGHT PASSENGER VEHICLE,4
01/05/03,LIGHT PASSENGER VEHICLE,4
01/05/04,LIGHT PASSENGER VEHICLE,2
01/05/10,LIGHT PASSENGER VEHICLE,1
01/05/12,LIGHT PASSENGER VEHICLE,2
01/05/13,LIGHT PASSENGER VEHICLE,2
01/05/14,LIGHT PASSENGER VEHICLE,4
01/05/17,LIGHT PASSENGER VEHICLE,86
01/05/18,LIGHT PASSENGER VEHICLE,64
01/05/19,LIGHT PASSENGER VEHICLE,22
01/05/20,LIGHT PASSENGER VEHICLE,22
01/05/21,LIGHT PASSENGER VEHICLE,1
01/05/22,LIGHT PASSENGER VEHICLE,679
01/05/23,LIGHT PASSENGER VEHICLE,871
01/05/24,LIGHT PASSENGER VEHICLE,126
01/06/02,LIGHT PASSENGER VEHICLE,4
01/06/04,LIGHT PASSENGER VEHICLE,4
01/06/07,LIGHT PASSENGER VEHICLE,5
01/06/08,LIGHT PASSENGER VEHICLE,2
01/06/11,LIGHT PASSENGER VEHICLE,1
01/06/12,LIGHT PASSENGER VEHICLE,2
01/06/15,LIGHT PASSENGER VEHICLE,10
01/06/16,LIGHT PASSENGER VEHICLE,1
01/06/17,LIGHT PASSENGER VEHICLE,1
01/06/18,LIGHT PASSENGER VEHICLE,87
01/06/19,LIGHT PASSENGER VEHICLE,24
01/06/20,LIGHT PASSENGER VEHICLE,55
01/06/21,LIGHT PASSENGER VEHICLE,18
01/06/22,LIGHT PASSENGER VEHICLE,276
01/06/23,LIGHT PASSENGER VEHICLE,1010
01/06/24,LIGHT PASSENGER VEHICLE,357
01/07/01,LIGHT PASSENGER VEHICLE,1
01/07/03,LIGHT PASSENGER VEHICLE,1
01/07/05,LIGHT PASSENGER VEHICLE,4
01/07/06,LIGHT PASSENGER VEHICLE,1
01/07/07,LIGHT PASSENGER VEHICLE,2
01/07/08,LIGHT PASSENGER VEHICLE,1
01/07/09,LIGHT PASSENGER VEHICLE,1
01/07/10,LIGHT PASSENGER VEHICLE,2
01/07/11,LIGHT PASSENGER VEHICLE,1
01/07/12,LIGHT PASSENGER VEHICLE,2
01/07/13,LIGHT PASSENGER VEHICLE,3
01/07/15,LIGHT PASSENGER VEHICLE,11
01/07/18,LIGHT PASSENGER VEHICLE,87
01/07/19,LIGHT PASSENGER VEHICLE,45
01/07/20,LIGHT PASSENGER VEHICLE,7
01/07/21,LIGHT PASSENGER VEHICLE,50
01/07/22,LIGHT PASSENGER VEHICLE,457
01/07/23,LIGHT PASSENGER VEHICLE,848
01/07/24,LIGHT PASSENGER VEHICLE,232
01/08/02,LIGHT PASSENGER VEHICLE,11
01/08/03,LIGHT PASSENGER VEHICLE,4
01/08/08,LIGHT PASSENGER VEHICLE,1
01/08/10,LIGHT PASSENGER VEHICLE,3
01/08/11,LIGHT PASSENGER VEHICLE,1
01/08/12,LIGHT PASSENGER VEHICLE,2
01/08/13,LIGHT PASSENGER VEHICLE,2
01/08/15,LIGHT PASSENGER VEHICLE,6
01/08/16,LIGHT PASSENGER VEHICLE,1
01/08/17,LIGHT PASSENGER VEHICLE,13
01/08/18,LIGHT PASSENGER VEHICLE,45
01/08/19,LIGHT PASSENGER VEHICLE,22
01/08/20,LIGHT PASSENGER VEHICLE,7
01/08/21,LIGHT PASSENGER VEHICLE,20
01/08/22,LIGHT PASSENGER VEHICLE,452
01/08/23,LIGHT PASSENGER VEHICLE,714
01/08/24,LIGHT PASSENGER VEHICLE,39
01/09/01,LIGHT PASSENGER VEHICLE,3
01/09/04,LIGHT PASSENGER VEHICLE,1
01/09/05,LIGHT PASSENGER VEHICLE,1
01/09/06,LIGHT PASSENGER VEHICLE,3
01/09/07,LIGHT PASSENGER VEHICLE,2
01/09/09,LIGHT PASSENGER VEHICLE,2
01/09/10,LIGHT PASSENGER VEHICLE,1
01/09/11,LIGHT PASSENGER VEHICLE,1
01/09/12,LIGHT PASSENGER VEHICLE,2
01/09/13,LIGHT PASSENGER VEHICLE,1
01/09/14,LIGHT PASSENGER VEHICLE,2
01/09/15,LIGHT PASSENGER VEHICLE,6
01/09/16,LIGHT PASSENGER VEHICLE,2
01/09/17,LIGHT PASSENGER VEHICLE,9
01/09/18,LIGHT PASSENGER VEHICLE,44
01/09/19,LIGHT PASSENGER VEHICLE,113
01/09/20,LIGHT PASSENGER VEHICLE,17
01/09/21,LIGHT PASSENGER VEHICLE,140
01/09/22,LIGHT PASSENGER VEHICLE,318
01/09/23,LIGHT PASSENGER VEHICLE,596
01/10/01,LIGHT PASSENGER VEHICLE,3
01/10/02,LIGHT PASSENGER VEHICLE,2
01/10/06,LIGHT PASSENGER VEHICLE,3
01/10/07,LIGHT PASSENGER VEHICLE,2
01/10/10,LIGHT PASSENGER VEHICLE,1
01/10/13,LIGHT PASSENGER VEHICLE,7
01/10/15,LIGHT PASSENGER VEHICLE,9
01/10/16,LIGHT PASSENGER VEHICLE,1
01/10/17,LIGHT PASSENGER VEHICLE,29
01/10/18,LIGHT PASSENGER VEHICLE,19
01/10/19,LIGHT PASSENGER VEHICLE,112
01/10/20,LIGHT PASSENGER VEHICLE,8
01/10/21,LIGHT PASSENGER VEHICLE,122
01/10/22,LIGHT PASSENGER VEHICLE,607
01/10/23,LIGHT PASSENGER VEHICLE,1159
01/11/01,LIGHT PASSENGER VEHICLE,1
01/11/02,LIGHT PASSENGER VEHICLE,1
01/11/06,LIGHT PASSENGER VEHICLE,1
01/11/09,LIGHT PASSENGER VEHICLE,2
01/11/11,LIGHT PASSENGER VEHICLE,4
01/11/12,LIGHT PASSENGER VEHICLE,2
01/11/14,LIGHT PASSENGER VEHICLE,1
01/11/15,LIGHT PASSENGER VEHICLE,1
01/11/16,LIGHT PASSENGER VEHICLE,31
01/11/17,LIGHT PASSENGER VEHICLE,33
01/11/18,LIGHT PASSENGER VEHICLE,73
01/11/19,LIGHT PASSENGER VEHICLE,135
01/11/20,LIGHT PASSENGER VEHICLE,32
01/11/21,LIGHT PASSENGER VEHICLE,27
01/11/22,LIGHT PASSENGER VEHICLE,424
01/11/23,LIGHT PASSENGER VEHICLE,410
01/12/01,LIGHT PASSENGER VEHICLE,1
01/12/03,LIGHT PASSENGER VEHICLE,2
01/12/04,LIGHT PASSENGER VEHICLE,3
01/12/06,LIGHT PASSENGER VEHICLE,1
01/12/09,LIGHT PASSENGER VEHICLE,2
01/12/10,LIGHT PASSENGER VEHICLE,2
01/12/13,LIGHT PASSENGER VEHICLE,3
01/12/15,LIGHT PASSENGER VEHICLE,35
01/12/16,LIGHT PASSENGER VEHICLE,4
01/12/17,LIGHT PASSENGER VEHICLE,26
01/12/18,LIGHT PASSENGER VEHICLE,12
01/12/19,LIGHT PASSENGER VEHICLE,49
01/12/20,LIGHT PASSENGER VEHICLE,18
01/12/21,LIGHT PASSENGER VEHICLE,133
01/12/22,LIGHT PASSENGER VEHICLE,915
01/12/23,LIGHT PASSENGER VEHICLE,499
01/01/18,MEDIUM GOODS VEHICLE,1
01/02/07,MEDIUM GOODS VEHICLE,1
01/03/01,MEDIUM GOODS VEHICLE,1
01/03/02,MEDIUM GOODS VEHICLE,1
01/03/06,MEDIUM GOODS VEHICLE,1
01/03/08,MEDIUM GOODS VEHICLE,2
01/03/09,MEDIUM GOODS VEHICLE,1
01/04/02,MEDIUM GOODS VEHICLE,1
01/04/15,MEDIUM GOODS VEHICLE,1
01/05/08,MEDIUM GOODS VEHICLE,1
01/05/15,MEDIUM GOODS VEHICLE,1
01/05/16,MEDIUM GOODS VEHICLE,3
01/05/18,MEDIUM GOODS VEHICLE,1
01/06/12,MEDIUM GOODS VEHICLE,1
01/07/15,MEDIUM GOODS VEHICLE,1
01/08/05,MEDIUM GOODS VEHICLE,1
01/09/02,MEDIUM GOODS VEHICLE,1
01/09/11,MEDIUM GOODS VEHICLE,1
01/11/01,MEDIUM GOODS VEHICLE,1
01/11/05,MEDIUM GOODS VEHICLE,1
01/11/06,MEDIUM GOODS VEHICLE,1
01/11/13,MEDIUM GOODS VEHICLE,1
01/11/14,MEDIUM GOODS VEHICLE,1
01/12/12,MEDIUM GOODS VEHICLE,4
01/12/18,MEDIUM GOODS VEHICLE,1
01/01/20,MEDIUM PASSENGER VEHICLE,7
01/01/21,MEDIUM PASSENGER VEHICLE,24
01/01/22,MEDIUM PASSENGER VEHICLE,2
01/01/23,MEDIUM PASSENGER VEHICLE,1
01/01/24,MEDIUM PASSENGER VEHICLE,6
01/02/19,MEDIUM PASSENGER VEHICLE,18
01/02/21,MEDIUM PASSENGER VEHICLE,53
01/02/23,MEDIUM PASSENGER VEHICLE,11
01/02/24,MEDIUM PASSENGER VEHICLE,4
01/03/18,MEDIUM PASSENGER VEHICLE,4
01/03/19,MEDIUM PASSENGER VEHICLE,1
01/03/20,MEDIUM PASSENGER VEHICLE,2
01/03/21,MEDIUM PASSENGER VEHICLE,53
01/03/22,MEDIUM PASSENGER VEHICLE,1
01/03/23,MEDIUM PASSENGER VEHICLE,13
01/03/24,MEDIUM PASSENGER VEHICLE,4
01/04/03,MEDIUM PASSENGER VEHICLE,2
01/04/15,MEDIUM PASSENGER VEHICLE,1
01/04/19,MEDIUM PASSENGER VEHICLE,18
01/04/21,MEDIUM PASSENGER VEHICLE,6
01/04/23,MEDIUM PASSENGER VEHICLE,1
01/04/24,MEDIUM PASSENGER VEHICLE,2
01/05/15,MEDIUM PASSENGER VEHICLE,1
01/05/18,MEDIUM PASSENGER VEHICLE,1
01/05/19,MEDIUM PASSENGER VEHICLE,27
01/05/21,MEDIUM PASSENGER VEHICLE,73
01/05/23,MEDIUM PASSENGER VEHICLE,12
01/05/24,MEDIUM PASSENGER VEHICLE,1
01/06/17,MEDIUM PASSENGER VEHICLE,1
01/06/19,MEDIUM PASSENGER VEHICLE,15
01/06/21,MEDIUM PASSENGER VEHICLE,29
01/07/21,MEDIUM PASSENGER VEHICLE,10
01/07/23,MEDIUM PASSENGER VEHICLE,2
01/07/24,MEDIUM PASSENGER VEHICLE,2
01/08/21,MEDIUM PASSENGER VEHICLE,3
01/08/22,MEDIUM PASSENGER VEHICLE,5
01/08/23,MEDIUM PASSENGER VEHICLE,22
01/09/22,MEDIUM PASSENGER VEHICLE,2
01/09/23,MEDIUM PASSENGER VEHICLE,65
01/10/19,MEDIUM PASSENGER VEHICLE,40
01/10/21,MEDIUM PASSENGER VEHICLE,1
01/10/23,MEDIUM PASSENGER VEHICLE,36
01/11/03,MEDIUM PASSENGER VEHICLE,1
01/11/05,MEDIUM PASSENGER VEHICLE,5
01/11/17,MEDIUM PASSENGER VEHICLE,3
01/11/19,MEDIUM PASSENGER VEHICLE,1
01/11/20,MEDIUM PASSENGER VEHICLE,26
01/11/23,MEDIUM PASSENGER VEHICLE,40
01/12/03,MEDIUM PASSENGER VEHICLE,3
01/12/18,MEDIUM PASSENGER VEHICLE,2
01/12/19,MEDIUM PASSENGER VEHICLE,10
01/12/21,MEDIUM PASSENGER VEHICLE,2
01/12/22,MEDIUM PASSENGER VEHICLE,15
01/12/23,MEDIUM PASSENGER VEHICLE,86
01/01/04,MEDIUM MOTOR VEHICLE,1
01/03/09,MEDIUM MOTOR VEHICLE,1
01/03/16,MEDIUM MOTOR VEHICLE,1
01/03/23,MEDIUM MOTOR VEHICLE,1
01/05/03,MEDIUM MOTOR VEHICLE,1
01/05/08,MEDIUM MOTOR VEHICLE,1
01/05/13,MEDIUM MOTOR VEHICLE,1
01/05/24,MEDIUM MOTOR VEHICLE,20
01/06/01,MEDIUM MOTOR VEHICLE,1
01/06/06,MEDIUM MOTOR VEHICLE,1
01/06/07,MEDIUM MOTOR VEHICLE,1
01/06/10,MEDIUM MOTOR VEHICLE,1
01/07/01,MEDIUM MOTOR VEHICLE,1
01/07/06,MEDIUM MOTOR VEHICLE,1
01/07/10,MEDIUM MOTOR VEHICLE,1
01/07/18,MEDIUM MOTOR VEHICLE,2
01/08/02,MEDIUM MOTOR VEHICLE,1
01/08/12,MEDIUM MOTOR VEHICLE,1
01/09/12,MEDIUM MOTOR VEHICLE,1
01/09/13,MEDIUM MOTOR VEHICLE,1
01/10/05,MEDIUM MOTOR VEHICLE,1
01/10/23,MEDIUM MOTOR VEHICLE,2
01/11/09,MEDIUM MOTOR VEHICLE,1
01/11/15,MEDIUM MOTOR VEHICLE,1
01/11/23,MEDIUM MOTOR VEHICLE,3
01/12/08,MEDIUM MOTOR VEHICLE,1
01/01/01,OTHER THAN MENTIONED ABOVE,2
01/01/03,OTHER THAN MENTIONED ABOVE,1
01/01/04,OTHER THAN MENTIONED ABOVE,2
01/01/06,OTHER THAN MENTIONED ABOVE,2
01/01/08,OTHER THAN MENTIONED ABOVE,2
01/01/09,OTHER THAN MENTIONED ABOVE,1
01/01/14,OTHER THAN MENTIONED ABOVE,1
01/01/16,OTHER THAN MENTIONED ABOVE,15
01/01/17,OTHER THAN MENTIONED ABOVE,16
01/01/18,OTHER THAN MENTIONED ABOVE,47
01/01/19,OTHER THAN MENTIONED ABOVE,10
01/01/20,OTHER THAN MENTIONED ABOVE,58
01/01/21,OTHER THAN MENTIONED ABOVE,74
01/01/22,OTHER THAN MENTIONED ABOVE,79
01/01/23,OTHER THAN MENTIONED ABOVE,171
01/02/07,OTHER THAN MENTIONED ABOVE,1
01/02/08,OTHER THAN MENTIONED ABOVE,2
01/02/09,OTHER THAN MENTIONED ABOVE,1
01/02/11,OTHER THAN MENTIONED ABOVE,3
01/02/12,OTHER THAN MENTIONED ABOVE,2
01/02/15,OTHER THAN MENTIONED ABOVE,1
01/02/16,OTHER THAN MENTIONED ABOVE,15
01/02/17,OTHER THAN MENTIONED ABOVE,18
01/02/18,OTHER THAN MENTIONED ABOVE,42
01/02/19,OTHER THAN MENTIONED ABOVE,47
01/02/20,OTHER THAN MENTIONED ABOVE,79
01/02/21,OTHER THAN MENTIONED ABOVE,113
01/02/22,OTHER THAN MENTIONED ABOVE,95
01/02/23,OTHER THAN MENTIONED ABOVE,76
01/03/01,OTHER THAN MENTIONED ABOVE,2
01/03/03,OTHER THAN MENTIONED ABOVE,1
01/03/05,OTHER THAN MENTIONED ABOVE,1
01/03/06,OTHER THAN MENTIONED ABOVE,2
01/03/08,OTHER THAN MENTIONED ABOVE,1
01/03/11,OTHER THAN MENTIONED ABOVE,2
01/03/12,OTHER THAN MENTIONED ABOVE,1
01/03/16,OTHER THAN MENTIONED ABOVE,28
01/03/17,OTHER THAN MENTIONED ABOVE,19
01/03/18,OTHER THAN MENTIONED ABOVE,35
01/03/19,OTHER THAN MENTIONED ABOVE,40
01/03/20,OTHER THAN MENTIONED ABOVE,40
01/03/21,OTHER THAN MENTIONED ABOVE,190
01/03/22,OTHER THAN MENTIONED ABOVE,213
01/03/23,OTHER THAN MENTIONED ABOVE,11
01/04/05,OTHER THAN MENTIONED ABOVE,5
01/04/07,OTHER THAN MENTIONED ABOVE,2
01/04/09,OTHER THAN MENTIONED ABOVE,1
01/04/11,OTHER THAN MENTIONED ABOVE,1
01/04/13,OTHER THAN MENTIONED ABOVE,1
01/04/16,OTHER THAN MENTIONED ABOVE,340
01/04/17,OTHER THAN MENTIONED ABOVE,12
01/04/18,OTHER THAN MENTIONED ABOVE,33
01/04/19,OTHER THAN MENTIONED ABOVE,64
01/04/20,OTHER THAN MENTIONED ABOVE,17
01/04/21,OTHER THAN MENTIONED ABOVE,132
01/04/22,OTHER THAN MENTIONED ABOVE,133
01/04/23,OTHER THAN MENTIONED ABOVE,1
01/05/03,OTHER THAN MENTIONED ABOVE,1
01/05/07,OTHER THAN MENTIONED ABOVE,2
01/05/10,OTHER THAN MENTIONED ABOVE,1
01/05/15,OTHER THAN MENTIONED ABOVE,2
01/05/16,OTHER THAN MENTIONED ABOVE,39
01/05/17,OTHER THAN MENTIONED ABOVE,30
01/05/18,OTHER THAN MENTIONED ABOVE,39
01/05/19,OTHER THAN MENTIONED ABOVE,41
01/05/21,OTHER THAN MENTIONED ABOVE,61
01/05/22,OTHER THAN MENTIONED ABOVE,214
01/05/23,OTHER THAN MENTIONED ABOVE,9
01/06/02,OTHER THAN MENTIONED ABOVE,2
01/06/05,OTHER THAN MENTIONED ABOVE,1
01/06/12,OTHER THAN MENTIONED ABOVE,1
01/06/14,OTHER THAN MENTIONED ABOVE,1
01/06/16,OTHER THAN MENTIONED ABOVE,17
01/06/17,OTHER THAN MENTIONED ABOVE,45
01/06/18,OTHER THAN MENTIONED ABOVE,31
01/06/19,OTHER THAN MENTIONED ABOVE,127
01/06/20,OTHER THAN MENTIONED ABOVE,16
01/06/21,OTHER THAN MENTIONED ABOVE,197
01/06/22,OTHER THAN MENTIONED ABOVE,192
01/06/23,OTHER THAN MENTIONED ABOVE,8
01/07/01,OTHER THAN MENTIONED ABOVE,1
01/07/06,OTHER THAN MENTIONED ABOVE,1
01/07/07,OTHER THAN MENTIONED ABOVE,1
01/07/11,OTHER THAN MENTIONED ABOVE,1
01/07/12,OTHER THAN MENTIONED ABOVE,2
01/07/14,OTHER THAN MENTIONED ABOVE,4
01/07/15,OTHER THAN MENTIONED ABOVE,1
01/07/16,OTHER THAN MENTIONED ABOVE,11
01/07/17,OTHER THAN MENTIONED ABOVE,35
01/07/18,OTHER THAN MENTIONED ABOVE,59
01/07/19,OTHER THAN MENTIONED ABOVE,13
01/07/20,OTHER THAN MENTIONED ABOVE,78
01/07/21,OTHER THAN MENTIONED ABOVE,300
01/07/22,OTHER THAN MENTIONED ABOVE,111
01/08/02,OTHER THAN MENTIONED ABOVE,1
01/08/03,OTHER THAN MENTIONED ABOVE,1
01/08/12,OTHER THAN MENTIONED ABOVE,1
01/08/15,OTHER THAN MENTIONED ABOVE,2
01/08/16,OTHER THAN MENTIONED ABOVE,11
01/08/17,OTHER THAN MENTIONED ABOVE,28
01/08/18,OTHER THAN MENTIONED ABOVE,32
01/08/19,OTHER THAN MENTIONED ABOVE,30
01/08/20,OTHER THAN MENTIONED ABOVE,130
01/08/21,OTHER THAN MENTIONED ABOVE,175
01/08/22,OTHER THAN MENTIONED ABOVE,75
01/09/01,OTHER THAN MENTIONED ABOVE,3
01/09/05,OTHER THAN MENTIONED ABOVE,1
01/09/06,OTHER THAN MENTIONED ABOVE,3
01/09/11,OTHER THAN MENTIONED ABOVE,1
01/09/13,OTHER THAN MENTIONED ABOVE,1
01/09/14,OTHER THAN MENTIONED ABOVE,3
01/09/15,OTHER THAN MENTIONED ABOVE,1
01/09/16,OTHER THAN MENTIONED ABOVE,11
01/09/17,OTHER THAN MENTIONED ABOVE,19
01/09/18,OTHER THAN MENTIONED ABOVE,30
01/09/19,OTHER THAN MENTIONED ABOVE,33
01/09/20,OTHER THAN MENTIONED ABOVE,171
01/09/21,OTHER THAN MENTIONED ABOVE,161
01/09/22,OTHER THAN MENTIONED ABOVE,394
01/10/10,OTHER THAN MENTIONED ABOVE,1
01/10/11,OTHER THAN MENTIONED ABOVE,2
01/10/12,OTHER THAN MENTIONED ABOVE,1
01/10/15,OTHER THAN MENTIONED ABOVE,13
01/10/16,OTHER THAN MENTIONED ABOVE,23
01/10/17,OTHER THAN MENTIONED ABOVE,36
01/10/18,OTHER THAN MENTIONED ABOVE,32
01/10/19,OTHER THAN MENTIONED ABOVE,44
01/10/20,OTHER THAN MENTIONED ABOVE,79
01/10/21,OTHER THAN MENTIONED ABOVE,127
01/10/22,OTHER THAN MENTIONED ABOVE,109
01/11/08,OTHER THAN MENTIONED ABOVE,2
01/11/09,OTHER THAN MENTIONED ABOVE,1
01/11/10,OTHER THAN MENTIONED ABOVE,2
01/11/12,OTHER THAN MENTIONED ABOVE,2
01/11/13,OTHER THAN MENTIONED ABOVE,3
01/11/14,OTHER THAN MENTIONED ABOVE,1
01/11/15,OTHER THAN MENTIONED ABOVE,5
01/11/16,OTHER THAN MENTIONED ABOVE,18
01/11/17,OTHER THAN MENTIONED ABOVE,79
01/11/18,OTHER THAN MENTIONED ABOVE,19
01/11/19,OTHER THAN MENTIONED ABOVE,46
01/11/20,OTHER THAN MENTIONED ABOVE,54
01/11/21,OTHER THAN MENTIONED ABOVE,131
01/11/22,OTHER THAN MENTIONED ABOVE,191
01/12/04,OTHER THAN MENTIONED ABOVE,1
01/12/05,OTHER THAN MENTIONED ABOVE,1
01/12/09,OTHER THAN MENTIONED ABOVE,2
01/12/12,OTHER THAN MENTIONED ABOVE,1
01/12/13,OTHER THAN MENTIONED ABOVE,2
01/12/14,OTHER THAN MENTIONED ABOVE,1
01/12/15,OTHER THAN MENTIONED ABOVE,8
01/12/16,OTHER THAN MENTIONED ABOVE,35
01/12/17,OTHER THAN MENTIONED ABOVE,30
01/12/18,OTHER THAN MENTIONED ABOVE,52
01/12/19,OTHER THAN MENTIONED ABOVE,197
01/12/20,OTHER THAN MENTIONED ABOVE,124
01/12/21,OTHER THAN MENTIONED ABOVE,124
01/12/22,OTHER THAN MENTIONED ABOVE,673
01/01/18,THREE WHEELER(NT),13
01/01/19,THREE WHEELER(NT),1
01/01/20,THREE WHEELER(NT),7
01/01/21,THREE WHEELER(NT),11
01/01/22,THREE WHEELER(NT),36
01/01/23,THREE WHEELER(NT),26
01/01/24,THREE WHEELER(NT),10
01/02/10,THREE WHEELER(NT),1
01/02/18,THREE WHEELER(NT),2
01/02/19,THREE WHEELER(NT),2
01/02/20,THREE WHEELER(NT),16
01/02/21,THREE WHEELER(NT),24
01/02/22,THREE WHEELER(NT),26
01/02/23,THREE WHEELER(NT),32
01/02/24,THREE WHEELER(NT),13
01/03/01,THREE WHEELER(NT),1
01/03/06,THREE WHEELER(NT),1
01/03/09,THREE WHEELER(NT),1
01/03/12,THREE WHEELER(NT),1
01/03/16,THREE WHEELER(NT),1
01/03/18,THREE WHEELER(NT),9
01/03/19,THREE WHEELER(NT),5
01/03/20,THREE WHEELER(NT),13
01/03/21,THREE WHEELER(NT),12
01/03/22,THREE WHEELER(NT),52
01/03/23,THREE WHEELER(NT),45
01/03/24,THREE WHEELER(NT),44
01/04/04,THREE WHEELER(NT),1
01/04/16,THREE WHEELER(NT),9
01/04/17,THREE WHEELER(NT),1
01/04/18,THREE WHEELER(NT),10
01/04/19,THREE WHEELER(NT),2
01/04/21,THREE WHEELER(NT),15
01/04/22,THREE WHEELER(NT),37
01/04/23,THREE WHEELER(NT),38
01/04/24,THREE WHEELER(NT),17
01/05/04,THREE WHEELER(NT),1
01/05/17,THREE WHEELER(NT),1
01/05/18,THREE WHEELER(NT),4
01/05/19,THREE WHEELER(NT),2
01/05/20,THREE WHEELER(NT),1
01/05/21,THREE WHEELER(NT),1
01/05/22,THREE WHEELER(NT),23
01/05/23,THREE WHEELER(NT),6
01/05/24,THREE WHEELER(NT),30
01/06/01,THREE WHEELER(NT),1
01/06/06,THREE WHEELER(NT),1
01/06/09,THREE WHEELER(NT),1
01/06/13,THREE WHEELER(NT),1
01/06/17,THREE WHEELER(NT),2
01/06/18,THREE WHEELER(NT),23
01/06/19,THREE WHEELER(NT),6
01/06/20,THREE WHEELER(NT),8
01/06/21,THREE WHEELER(NT),1
01/06/22,THREE WHEELER(NT),40
01/06/23,THREE WHEELER(NT),23
01/06/24,THREE WHEELER(NT),29
01/07/17,THREE WHEELER(NT),1
01/07/18,THREE WHEELER(NT),23
01/07/19,THREE WHEELER(NT),2
01/07/20,THREE WHEELER(NT),2
01/07/21,THREE WHEELER(NT),20
01/07/22,THREE WHEELER(NT),30
01/07/23,THREE WHEELER(NT),15
01/07/24,THREE WHEELER(NT),37
01/08/01,THREE WHEELER(NT),2
01/08/06,THREE WHEELER(NT),2
01/08/10,THREE WHEELER(NT),1
01/08/14,THREE WHEELER(NT),2
01/08/16,THREE WHEELER(NT),1
01/08/17,THREE WHEELER(NT),2
01/08/18,THREE WHEELER(NT),14
01/08/19,THREE WHEELER(NT),70
01/08/20,THREE WHEELER(NT),15
01/08/21,THREE WHEELER(NT),20
01/08/22,THREE WHEELER(NT),40
01/08/23,THREE WHEELER(NT),11
01/08/24,THREE WHEELER(NT),3
01/09/04,THREE WHEELER(NT),1
01/09/05,THREE WHEELER(NT),1
01/09/17,THREE WHEELER(NT),3
01/09/18,THREE WHEELER(NT),3
01/09/19,THREE WHEELER(NT),8
01/09/20,THREE WHEELER(NT),11
01/09/21,THREE WHEELER(NT),20
01/09/22,THREE WHEELER(NT),44
01/09/23,THREE WHEELER(NT),10
01/10/11,THREE WHEELER(NT),1
01/10/17,THREE WHEELER(NT),3
01/10/18,THREE WHEELER(NT),2
01/10/19,THREE WHEELER(NT),9
01/10/20,THREE WHEELER(NT),18
01/10/21,THREE WHEELER(NT),28
01/10/22,THREE WHEELER(NT),43
01/10/23,THREE WHEELER(NT),19
01/11/01,THREE WHEELER(NT),1
01/11/03,THREE WHEELER(NT),4
01/11/05,THREE WHEELER(NT),1
01/11/06,THREE WHEELER(NT),1
01/11/08,THREE WHEELER(NT),1
01/11/11,THREE WHEELER(NT),1
01/11/16,THREE WHEELER(NT),2
01/11/17,THREE WHEELER(NT),4
01/11/18,THREE WHEELER(NT),3
01/11/19,THREE WHEELER(NT),11
01/11/20,THREE WHEELER(NT),11
01/11/21,THREE WHEELER(NT),19
01/11/22,THREE WHEELER(NT),51
01/11/23,THREE WHEELER(NT),8
01/12/05,THREE WHEELER(NT),1
01/12/17,THREE WHEELER(NT),6
01/12/18,THREE WHEELER(NT),5
01/12/19,THREE WHEELER(NT),15
01/12/20,THREE WHEELER(NT),17
01/12/21,THREE WHEELER(NT),17
01/12/22,THREE WHEELER(NT),35
01/12/23,THREE WHEELER(NT),7
01/01/19,TWO WHEELER (INVALID CARRIAGE),24
01/01/20,TWO WHEELER (INVALID CARRIAGE),1
01/01/23,TWO WHEELER (INVALID CARRIAGE),2
01/01/24,TWO WHEELER (INVALID CARRIAGE),1
01/02/11,TWO WHEELER (INVALID CARRIAGE),1
01/02/19,TWO WHEELER (INVALID CARRIAGE),1
01/02/23,TWO WHEELER (INVALID CARRIAGE),4
01/03/19,TWO WHEELER (INVALID CARRIAGE),2
01/03/21,TWO WHEELER (INVALID CARRIAGE),2
01/03/23,TWO WHEELER (INVALID CARRIAGE),9
01/03/24,TWO WHEELER (INVALID CARRIAGE),1
01/04/17,TWO WHEELER (INVALID CARRIAGE),1
01/04/19,TWO WHEELER (INVALID CARRIAGE),1
01/04/22,TWO WHEELER (INVALID CARRIAGE),2
01/04/23,TWO WHEELER (INVALID CARRIAGE),2
01/05/23,TWO WHEELER (INVALID CARRIAGE),17
01/05/24,TWO WHEELER (INVALID CARRIAGE),2
01/06/12,TWO WHEELER (INVALID CARRIAGE),1
01/06/22,TWO WHEELER (INVALID CARRIAGE),2
01/06/24,TWO WHEELER (INVALID CARRIAGE),2
01/07/21,TWO WHEELER (INVALID CARRIAGE),1
01/07/22,TWO WHEELER (INVALID CARRIAGE),3
01/08/21,TWO WHEELER (INVALID CARRIAGE),1
01/08/22,TWO WHEELER (INVALID CARRIAGE),1
01/08/23,TWO WHEELER (INVALID CARRIAGE),3
01/09/21,TWO WHEELER (INVALID CARRIAGE),1
01/09/22,TWO WHEELER (INVALID CARRIAGE),1
01/09/23,TWO WHEELER (INVALID CARRIAGE),1
01/10/18,TWO WHEELER (INVALID CARRIAGE),3
01/10/22,TWO WHEELER (INVALID CARRIAGE),2
01/10/23,TWO WHEELER (INVALID CARRIAGE),9
01/11/15,TWO WHEELER (INVALID CARRIAGE),1
01/11/21,TWO WHEELER (INVALID CARRIAGE),2
01/11/22,TWO WHEELER (INVALID CARRIAGE),2
01/11/23,TWO WHEELER (INVALID CARRIAGE),11
01/12/18,TWO WHEELER (INVALID CARRIAGE),4
01/12/19,TWO WHEELER (INVALID CARRIAGE),1
01/12/20,TWO WHEELER (INVALID CARRIAGE),1
01/01/01,THREE WHEELER(T),2
01/01/02,THREE WHEELER(T),2
01/01/03,THREE WHEELER(T),9
01/01/04,THREE WHEELER(T),1
01/01/05,THREE WHEELER(T),1
01/01/06,THREE WHEELER(T),2
01/01/07,THREE WHEELER(T),2
01/01/08,THREE WHEELER(T),2
01/01/09,THREE WHEELER(T),1
01/01/10,THREE WHEELER(T),4
01/01/11,THREE WHEELER(T),1
01/01/12,THREE WHEELER(T),1
01/01/13,THREE WHEELER(T),2
01/01/14,THREE WHEELER(T),2
01/01/15,THREE WHEELER(T),2
01/01/16,THREE WHEELER(T),1712
01/01/17,THREE WHEELER(T),4351
01/01/18,THREE WHEELER(T),8559
01/01/19,THREE WHEELER(T),10532
01/01/20,THREE WHEELER(T),13550
01/01/21,THREE WHEELER(T),10927
01/01/22,THREE WHEELER(T),19526
01/01/23,THREE WHEELER(T),34368
01/01/24,THREE WHEELER(T),53451
01/02/01,THREE WHEELER(T),2
01/02/03,THREE WHEELER(T),1
01/02/04,THREE WHEELER(T),1
01/02/05,THREE WHEELER(T),3
01/02/06,THREE WHEELER(T),2
01/02/07,THREE WHEELER(T),7
01/02/08,THREE WHEELER(T),1
01/02/09,THREE WHEELER(T),5
01/02/10,THREE WHEELER(T),10
01/02/11,THREE WHEELER(T),6
01/02/12,THREE WHEELER(T),5
01/02/13,THREE WHEELER(T),4
01/02/15,THREE WHEELER(T),3
01/02/16,THREE WHEELER(T),2287
01/02/17,THREE WHEELER(T),4203
01/02/18,THREE WHEELER(T),6902
01/02/19,THREE WHEELER(T),8784
01/02/20,THREE WHEELER(T),13610
01/02/21,THREE WHEELER(T),12535
01/02/22,THREE WHEELER(T),19608
01/02/23,THREE WHEELER(T),36053
01/02/24,THREE WHEELER(T),50622
01/03/01,THREE WHEELER(T),1
01/03/02,THREE WHEELER(T),1
01/03/03,THREE WHEELER(T),1
01/03/04,THREE WHEELER(T),6
01/03/05,THREE WHEELER(T),2
01/03/06,THREE WHEELER(T),1
01/03/07,THREE WHEELER(T),3
01/03/08,THREE WHEELER(T),3
01/03/09,THREE WHEELER(T),3
01/03/10,THREE WHEELER(T),1
01/03/11,THREE WHEELER(T),4
01/03/12,THREE WHEELER(T),1
01/03/13,THREE WHEELER(T),3
01/03/14,THREE WHEELER(T),2
01/03/15,THREE WHEELER(T),1
01/03/16,THREE WHEELER(T),4273
01/03/17,THREE WHEELER(T),5498
01/03/18,THREE WHEELER(T),6997
01/03/19,THREE WHEELER(T),8993
01/03/20,THREE WHEELER(T),10695
01/03/21,THREE WHEELER(T),14936
01/03/22,THREE WHEELER(T),24579
01/03/23,THREE WHEELER(T),45305
01/03/24,THREE WHEELER(T),60618
01/04/01,THREE WHEELER(T),1
01/04/02,THREE WHEELER(T),1
01/04/04,THREE WHEELER(T),2
01/04/05,THREE WHEELER(T),4
01/04/06,THREE WHEELER(T),1
01/04/07,THREE WHEELER(T),11
01/04/08,THREE WHEELER(T),2
01/04/09,THREE WHEELER(T),1
01/04/11,THREE WHEELER(T),4
01/04/12,THREE WHEELER(T),1
01/04/13,THREE WHEELER(T),1
01/04/14,THREE WHEELER(T),2
01/04/15,THREE WHEELER(T),11
01/04/16,THREE WHEELER(T),2903
01/04/17,THREE WHEELER(T),4747
01/04/18,THREE WHEELER(T),6581
01/04/19,THREE WHEELER(T),7888
01/04/20,THREE WHEELER(T),870
01/04/21,THREE WHEELER(T),7945
01/04/22,THREE WHEELER(T),21629
01/04/23,THREE WHEELER(T),38131
01/04/24,THREE WHEELER(T),41106
01/05/01,THREE WHEELER(T),2
01/05/02,THREE WHEELER(T),4
01/05/03,THREE WHEELER(T),1
01/05/04,THREE WHEELER(T),5
01/05/05,THREE WHEELER(T),1
01/05/06,THREE WHEELER(T),2
01/05/07,THREE WHEELER(T),3
01/05/09,THREE WHEELER(T),2
01/05/10,THREE WHEELER(T),2
01/05/12,THREE WHEELER(T),1
01/05/13,THREE WHEELER(T),2
01/05/15,THREE WHEELER(T),41
01/05/16,THREE WHEELER(T),3805
01/05/17,THREE WHEELER(T),6715
01/05/18,THREE WHEELER(T),7273
01/05/19,THREE WHEELER(T),8255
01/05/20,THREE WHEELER(T),667
01/05/21,THREE WHEELER(T),1950
01/05/22,THREE WHEELER(T),24092
01/05/23,THREE WHEELER(T),44691
01/05/24,THREE WHEELER(T),52296
01/06/01,THREE WHEELER(T),4
01/06/02,THREE WHEELER(T),4
01/06/03,THREE WHEELER(T),3
01/06/04,THREE WHEELER(T),1
01/06/05,THREE WHEELER(T),1
01/06/06,THREE WHEELER(T),4
01/06/07,THREE WHEELER(T),3
01/06/08,THREE WHEELER(T),1
01/06/09,THREE WHEELER(T),4
01/06/11,THREE WHEELER(T),2
01/06/12,THREE WHEELER(T),3
01/06/13,THREE WHEELER(T),4
01/06/14,THREE WHEELER(T),1
01/06/15,THREE WHEELER(T),46
01/06/16,THREE WHEELER(T),4896
01/06/17,THREE WHEELER(T),7175
01/06/18,THREE WHEELER(T),7531
01/06/19,THREE WHEELER(T),9180
01/06/20,THREE WHEELER(T),4656
01/06/21,THREE WHEELER(T),6345
01/06/22,THREE WHEELER(T),27830
01/06/23,THREE WHEELER(T),48131
01/06/24,THREE WHEELER(T),49158
01/07/01,THREE WHEELER(T),2
01/07/02,THREE WHEELER(T),3
01/07/03,THREE WHEELER(T),5
01/07/05,THREE WHEELER(T),1
01/07/06,THREE WHEELER(T),2
01/07/07,THREE WHEELER(T),2
01/07/09,THREE WHEELER(T),2
01/07/10,THREE WHEELER(T),5
01/07/11,THREE WHEELER(T),2
01/07/12,THREE WHEELER(T),1
01/07/13,THREE WHEELER(T),6
01/07/14,THREE WHEELER(T),1
01/07/15,THREE WHEELER(T),173
01/07/16,THREE WHEELER(T),4172
01/07/17,THREE WHEELER(T),8771
01/07/18,THREE WHEELER(T),9819
01/07/19,THREE WHEELER(T),10745
01/07/20,THREE WHEELER(T),5870
01/07/21,THREE WHEELER(T),11851
01/07/22,THREE WHEELER(T),30473
01/07/23,THREE WHEELER(T),53858
01/07/24,THREE WHEELER(T),59147
01/08/01,THREE WHEELER(T),6
01/08/02,THREE WHEELER(T),4
01/08/04,THREE WHEELER(T),1
01/08/05,THREE WHEELER(T),1
01/08/06,THREE WHEELER(T),6
01/08/07,THREE WHEELER(T),1
01/08/08,THREE WHEELER(T),4
01/08/09,THREE WHEELER(T),2
01/08/10,THREE WHEELER(T),4
01/08/11,THREE WHEELER(T),4
01/08/12,THREE WHEELER(T),5
01/08/13,THREE WHEELER(T),1
01/08/15,THREE WHEELER(T),519
01/08/16,THREE WHEELER(T),3850
01/08/17,THREE WHEELER(T),8903
01/08/18,THREE WHEELER(T),9975
01/08/19,THREE WHEELER(T),11458
01/08/20,THREE WHEELER(T),5925
01/08/21,THREE WHEELER(T),13306
01/08/22,THREE WHEELER(T),33040
01/08/23,THREE WHEELER(T),56852
01/08/24,THREE WHEELER(T),4909
01/09/01,THREE WHEELER(T),6
01/09/02,THREE WHEELER(T),6
01/09/03,THREE WHEELER(T),1
01/09/04,THREE WHEELER(T),2
01/09/05,THREE WHEELER(T),2
01/09/06,THREE WHEELER(T),6
01/09/07,THREE WHEELER(T),7
01/09/08,THREE WHEELER(T),6
01/09/09,THREE WHEELER(T),7
01/09/11,THREE WHEELER(T),2
01/09/12,THREE WHEELER(T),1
01/09/13,THREE WHEELER(T),3
01/09/15,THREE WHEELER(T),773
01/09/16,THREE WHEELER(T),3998
01/09/17,THREE WHEELER(T),7412
01/09/18,THREE WHEELER(T),11124
01/09/19,THREE WHEELER(T),14333
01/09/20,THREE WHEELER(T),7738
01/09/21,THREE WHEELER(T),16953
01/09/22,THREE WHEELER(T),37393
01/09/23,THREE WHEELER(T),57541
01/10/01,THREE WHEELER(T),1
01/10/02,THREE WHEELER(T),5
01/10/04,THREE WHEELER(T),1
01/10/05,THREE WHEELER(T),2
01/10/06,THREE WHEELER(T),1
01/10/07,THREE WHEELER(T),9
01/10/08,THREE WHEELER(T),2
01/10/09,THREE WHEELER(T),2
01/10/10,THREE WHEELER(T),1
01/10/11,THREE WHEELER(T),1
01/10/12,THREE WHEELER(T),3
01/10/13,THREE WHEELER(T),2
01/10/15,THREE WHEELER(T),849
01/10/16,THREE WHEELER(T),6063
01/10/17,THREE WHEELER(T),7248
01/10/18,THREE WHEELER(T),12300
01/10/19,THREE WHEELER(T),13252
01/10/20,THREE WHEELER(T),7930
01/10/21,THREE WHEELER(T),18495
01/10/22,THREE WHEELER(T),35889
01/10/23,THREE WHEELER(T),56988
01/11/01,THREE WHEELER(T),2
01/11/02,THREE WHEELER(T),4
01/11/04,THREE WHEELER(T),5
01/11/05,THREE WHEELER(T),1
01/11/06,THREE WHEELER(T),2
01/11/07,THREE WHEELER(T),4
01/11/08,THREE WHEELER(T),3
01/11/09,THREE WHEELER(T),2
01/11/10,THREE WHEELER(T),3
01/11/11,THREE WHEELER(T),4
01/11/12,THREE WHEELER(T),2
01/11/14,THREE WHEELER(T),1
01/11/15,THREE WHEELER(T),1071
01/11/16,THREE WHEELER(T),4644
01/11/17,THREE WHEELER(T),9592
01/11/18,THREE WHEELER(T),10513
01/11/19,THREE WHEELER(T),15531
01/11/20,THREE WHEELER(T),8526
01/11/21,THREE WHEELER(T),18712
01/11/22,THREE WHEELER(T),40426
01/11/23,THREE WHEELER(T),53907
01/12/02,THREE WHEELER(T),4
01/12/03,THREE WHEELER(T),3
01/12/04,THREE WHEELER(T),5
01/12/07,THREE WHEELER(T),1
01/12/08,THREE WHEELER(T),1
01/12/09,THREE WHEELER(T),7
01/12/11,THREE WHEELER(T),1
01/12/12,THREE WHEELER(T),1
01/12/13,THREE WHEELER(T),4
01/12/14,THREE WHEELER(T),1
01/12/15,THREE WHEELER(T),1926
01/12/16,THREE WHEELER(T),4289
01/12/17,THREE WHEELER(T),8712
01/12/18,THREE WHEELER(T),12494
01/12/19,THREE WHEELER(T),14412
01/12/20,THREE WHEELER(T),10230
01/12/21,THREE WHEELER(T),24115
01/12/22,THREE WHEELER(T),35604
01/12/23,THREE WHEELER(T),57647
01/01/01,TWO WHEELER(NT),62
01/01/02,TWO WHEELER(NT),11
01/01/03,TWO WHEELER(NT),18
01/01/04,TWO WHEELER(NT),21
01/01/05,TWO WHEELER(NT),38
01/01/06,TWO WHEELER(NT),62
01/01/07,TWO WHEELER(NT),119
01/01/08,TWO WHEELER(NT),518
01/01/09,TWO WHEELER(NT),965
01/01/10,TWO WHEELER(NT),357
01/01/11,TWO WHEELER(NT),317
01/01/12,TWO WHEELER(NT),560
01/01/13,TWO WHEELER(NT),209
01/01/14,TWO WHEELER(NT),175
01/01/15,TWO WHEELER(NT),93
01/01/16,TWO WHEELER(NT),117
01/01/17,TWO WHEELER(NT),108
01/01/18,TWO WHEELER(NT),176
01/01/19,TWO WHEELER(NT),2514
01/01/20,TWO WHEELER(NT),2218
01/01/21,TWO WHEELER(NT),4967
01/01/22,TWO WHEELER(NT),29511
01/01/23,TWO WHEELER(NT),64561
01/01/24,TWO WHEELER(NT),82093
01/02/01,TWO WHEELER(NT),65
01/02/02,TWO WHEELER(NT),16
01/02/03,TWO WHEELER(NT),10
01/02/04,TWO WHEELER(NT),11
01/02/05,TWO WHEELER(NT),50
01/02/06,TWO WHEELER(NT),65
01/02/07,TWO WHEELER(NT),117
01/02/08,TWO WHEELER(NT),671
01/02/09,TWO WHEELER(NT),831
01/02/10,TWO WHEELER(NT),342
01/02/11,TWO WHEELER(NT),889
01/02/12,TWO WHEELER(NT),635
01/02/13,TWO WHEELER(NT),201
01/02/14,TWO WHEELER(NT),130
01/02/15,TWO WHEELER(NT),109
01/02/16,TWO WHEELER(NT),119
01/02/17,TWO WHEELER(NT),75
01/02/18,TWO WHEELER(NT),156
01/02/19,TWO WHEELER(NT),3029
01/02/20,TWO WHEELER(NT),2164
01/02/21,TWO WHEELER(NT),6449
01/02/22,TWO WHEELER(NT),35132
01/02/23,TWO WHEELER(NT),65950
01/02/24,TWO WHEELER(NT),82576
01/03/01,TWO WHEELER(NT),75
01/03/02,TWO WHEELER(NT),6
01/03/03,TWO WHEELER(NT),17
01/03/04,TWO WHEELER(NT),21
01/03/05,TWO WHEELER(NT),54
01/03/06,TWO WHEELER(NT),75
01/03/07,TWO WHEELER(NT),166
01/03/08,TWO WHEELER(NT),605
01/03/09,TWO WHEELER(NT),660
01/03/10,TWO WHEELER(NT),398
01/03/11,TWO WHEELER(NT),373
01/03/12,TWO WHEELER(NT),627
01/03/13,TWO WHEELER(NT),168
01/03/14,TWO WHEELER(NT),151
01/03/15,TWO WHEELER(NT),144
01/03/16,TWO WHEELER(NT),134
01/03/17,TWO WHEELER(NT),132
01/03/18,TWO WHEELER(NT),461
01/03/19,TWO WHEELER(NT),5361
01/03/20,TWO WHEELER(NT),2846
01/03/21,TWO WHEELER(NT),11434
01/03/22,TWO WHEELER(NT),54269
01/03/23,TWO WHEELER(NT),86325
01/03/24,TWO WHEELER(NT),137113
01/04/01,TWO WHEELER(NT),59
01/04/02,TWO WHEELER(NT),16
01/04/03,TWO WHEELER(NT),14
01/04/04,TWO WHEELER(NT),18
01/04/05,TWO WHEELER(NT),60
01/04/06,TWO WHEELER(NT),59
01/04/07,TWO WHEELER(NT),126
01/04/08,TWO WHEELER(NT),723
01/04/09,TWO WHEELER(NT),616
01/04/10,TWO WHEELER(NT),344
01/04/11,TWO WHEELER(NT),430
01/04/12,TWO WHEELER(NT),417
01/04/13,TWO WHEELER(NT),125
01/04/14,TWO WHEELER(NT),192
01/04/15,TWO WHEELER(NT),111
01/04/16,TWO WHEELER(NT),120
01/04/17,TWO WHEELER(NT),95
01/04/18,TWO WHEELER(NT),486
01/04/19,TWO WHEELER(NT),3081
01/04/20,TWO WHEELER(NT),85
01/04/21,TWO WHEELER(NT),5574
01/04/22,TWO WHEELER(NT),52833
01/04/23,TWO WHEELER(NT),66866
01/04/24,TWO WHEELER(NT),64503
01/05/01,TWO WHEELER(NT),69
01/05/02,TWO WHEELER(NT),20
01/05/03,TWO WHEELER(NT),12
01/05/04,TWO WHEELER(NT),13
01/05/05,TWO WHEELER(NT),62
01/05/06,TWO WHEELER(NT),69
01/05/07,TWO WHEELER(NT),201
01/05/08,TWO WHEELER(NT),879
01/05/09,TWO WHEELER(NT),514
01/05/10,TWO WHEELER(NT),302
01/05/12,TWO WHEELER(NT),380
01/05/13,TWO WHEELER(NT),154
01/05/14,TWO WHEELER(NT),124
01/05/15,TWO WHEELER(NT),85
01/05/16,TWO WHEELER(NT),99
01/05/17,TWO WHEELER(NT),91
01/05/18,TWO WHEELER(NT),649
01/05/19,TWO WHEELER(NT),1569
01/05/20,TWO WHEELER(NT),558
01/05/21,TWO WHEELER(NT),1251
01/05/22,TWO WHEELER(NT),42097
01/05/23,TWO WHEELER(NT),105401
01/05/24,TWO WHEELER(NT),64025
01/06/01,TWO WHEELER(NT),131
01/06/02,TWO WHEELER(NT),15
01/06/03,TWO WHEELER(NT),8
01/06/04,TWO WHEELER(NT),15
01/06/05,TWO WHEELER(NT),94
01/06/06,TWO WHEELER(NT),131
01/06/07,TWO WHEELER(NT),165
01/06/08,TWO WHEELER(NT),1172
01/06/09,TWO WHEELER(NT),493
01/06/10,TWO WHEELER(NT),369
01/06/11,TWO WHEELER(NT),453
01/06/12,TWO WHEELER(NT),434
01/06/13,TWO WHEELER(NT),147
01/06/14,TWO WHEELER(NT),108
01/06/15,TWO WHEELER(NT),157
01/06/16,TWO WHEELER(NT),147
01/06/17,TWO WHEELER(NT),136
01/06/18,TWO WHEELER(NT),954
01/06/19,TWO WHEELER(NT),1656
01/06/20,TWO WHEELER(NT),1478
01/06/21,TWO WHEELER(NT),4684
01/06/22,TWO WHEELER(NT),43944
01/06/23,TWO WHEELER(NT),46102
01/06/24,TWO WHEELER(NT),53299
01/07/01,TWO WHEELER(NT),117
01/07/02,TWO WHEELER(NT),19
01/07/03,TWO WHEELER(NT),18
01/07/04,TWO WHEELER(NT),17
01/07/05,TWO WHEELER(NT),74
01/07/06,TWO WHEELER(NT),117
01/07/07,TWO WHEELER(NT),145
01/07/08,TWO WHEELER(NT),1592
01/07/09,TWO WHEELER(NT),536
01/07/10,TWO WHEELER(NT),386
01/07/11,TWO WHEELER(NT),415
01/07/12,TWO WHEELER(NT),377
01/07/13,TWO WHEELER(NT),137
01/07/14,TWO WHEELER(NT),153
01/07/15,TWO WHEELER(NT),111
01/07/16,TWO WHEELER(NT),130
01/07/17,TWO WHEELER(NT),116
01/07/18,TWO WHEELER(NT),1215
01/07/19,TWO WHEELER(NT),1558
01/07/20,TWO WHEELER(NT),1485
01/07/21,TWO WHEELER(NT),14671
01/07/22,TWO WHEELER(NT),46442
01/07/23,TWO WHEELER(NT),54429
01/07/24,TWO WHEELER(NT),61237
01/08/01,TWO WHEELER(NT),126
01/08/02,TWO WHEELER(NT),16
01/08/03,TWO WHEELER(NT),13
01/08/04,TWO WHEELER(NT),12
01/08/05,TWO WHEELER(NT),105
01/08/06,TWO WHEELER(NT),126
01/08/07,TWO WHEELER(NT),165
01/08/08,TWO WHEELER(NT),1389
01/08/09,TWO WHEELER(NT),424
01/08/10,TWO WHEELER(NT),323
01/08/11,TWO WHEELER(NT),417
01/08/12,TWO WHEELER(NT),320
01/08/13,TWO WHEELER(NT),114
01/08/14,TWO WHEELER(NT),112
01/08/15,TWO WHEELER(NT),118
01/08/16,TWO WHEELER(NT),84
01/08/17,TWO WHEELER(NT),100
01/08/18,TWO WHEELER(NT),1498
01/08/19,TWO WHEELER(NT),1505
01/08/20,TWO WHEELER(NT),2117
01/08/21,TWO WHEELER(NT),16023
01/08/22,TWO WHEELER(NT),51956
01/08/23,TWO WHEELER(NT),62644
01/08/24,TWO WHEELER(NT),3937
01/09/01,TWO WHEELER(NT),119
01/09/02,TWO WHEELER(NT),13
01/09/03,TWO WHEELER(NT),15
01/09/04,TWO WHEELER(NT),24
01/09/05,TWO WHEELER(NT),76
01/09/06,TWO WHEELER(NT),119
01/09/07,TWO WHEELER(NT),124
01/09/08,TWO WHEELER(NT),1145
01/09/09,TWO WHEELER(NT),445
01/09/10,TWO WHEELER(NT),281
01/09/11,TWO WHEELER(NT),499
01/09/12,TWO WHEELER(NT),191
01/09/13,TWO WHEELER(NT),170
01/09/14,TWO WHEELER(NT),97
01/09/15,TWO WHEELER(NT),124
01/09/16,TWO WHEELER(NT),104
01/09/17,TWO WHEELER(NT),109
01/09/18,TWO WHEELER(NT),2221
01/09/19,TWO WHEELER(NT),1540
01/09/20,TWO WHEELER(NT),3087
01/09/21,TWO WHEELER(NT),17732
01/09/22,TWO WHEELER(NT),53090
01/09/23,TWO WHEELER(NT),63222
01/10/01,TWO WHEELER(NT),80
01/10/02,TWO WHEELER(NT),13
01/10/03,TWO WHEELER(NT),13
01/10/04,TWO WHEELER(NT),25
01/10/05,TWO WHEELER(NT),86
01/10/06,TWO WHEELER(NT),80
01/10/07,TWO WHEELER(NT),276
01/10/08,TWO WHEELER(NT),1170
01/10/09,TWO WHEELER(NT),571
01/10/10,TWO WHEELER(NT),293
01/10/11,TWO WHEELER(NT),572
01/10/12,TWO WHEELER(NT),203
01/10/13,TWO WHEELER(NT),176
01/10/14,TWO WHEELER(NT),123
01/10/15,TWO WHEELER(NT),138
01/10/16,TWO WHEELER(NT),142
01/10/17,TWO WHEELER(NT),160
01/10/18,TWO WHEELER(NT),2560
01/10/19,TWO WHEELER(NT),2082
01/10/20,TWO WHEELER(NT),2537
01/10/21,TWO WHEELER(NT),20558
01/10/22,TWO WHEELER(NT),76759
01/10/23,TWO WHEELER(NT),75094
01/11/01,TWO WHEELER(NT),96
01/11/02,TWO WHEELER(NT),12
01/11/03,TWO WHEELER(NT),6
01/11/04,TWO WHEELER(NT),16
01/11/05,TWO WHEELER(NT),49
01/11/06,TWO WHEELER(NT),96
01/11/07,TWO WHEELER(NT),521
01/11/08,TWO WHEELER(NT),1254
01/11/09,TWO WHEELER(NT),440
01/11/10,TWO WHEELER(NT),367
01/11/11,TWO WHEELER(NT),745
01/11/12,TWO WHEELER(NT),319
01/11/13,TWO WHEELER(NT),228
01/11/14,TWO WHEELER(NT),146
01/11/15,TWO WHEELER(NT),111
01/11/16,TWO WHEELER(NT),112
01/11/17,TWO WHEELER(NT),214
01/11/18,TWO WHEELER(NT),3269
01/11/19,TWO WHEELER(NT),3136
01/11/20,TWO WHEELER(NT),3888
01/11/21,TWO WHEELER(NT),24398
01/11/22,TWO WHEELER(NT),76762
01/11/23,TWO WHEELER(NT),91972
01/12/01,TWO WHEELER(NT),81
01/12/02,TWO WHEELER(NT),7
01/12/03,TWO WHEELER(NT),9
01/12/04,TWO WHEELER(NT),19
01/12/05,TWO WHEELER(NT),44
01/12/06,TWO WHEELER(NT),81
01/12/07,TWO WHEELER(NT),510
01/12/08,TWO WHEELER(NT),940
01/12/09,TWO WHEELER(NT),370
01/12/10,TWO WHEELER(NT),306
01/12/11,TWO WHEELER(NT),794
01/12/12,TWO WHEELER(NT),247
01/12/13,TWO WHEELER(NT),179
01/12/14,TWO WHEELER(NT),165
01/12/15,TWO WHEELER(NT),138
01/12/16,TWO WHEELER(NT),136
01/12/17,TWO WHEELER(NT),186
01/12/18,TWO WHEELER(NT),3166
01/12/19,TWO WHEELER(NT),1900
01/12/20,TWO WHEELER(NT),4564
01/12/21,TWO WHEELER(NT),26150
01/12/22,TWO WHEELER(NT),64525
01/12/23,TWO WHEELER(NT),75748
01/01/19,TWO WHEELER(T),208
01/01/20,TWO WHEELER(T),723
01/01/21,TWO WHEELER(T),360
01/01/22,TWO WHEELER(T),631
01/01/23,TWO WHEELER(T),141
01/01/24,TWO WHEELER(T),41
01/02/19,TWO WHEELER(T),95
01/02/20,TWO WHEELER(T),190
01/02/21,TWO WHEELER(T),135
01/02/22,TWO WHEELER(T),635
01/02/23,TWO WHEELER(T),142
01/02/24,TWO WHEELER(T),151
01/03/19,TWO WHEELER(T),510
01/03/20,TWO WHEELER(T),37
01/03/21,TWO WHEELER(T),536
01/03/22,TWO WHEELER(T),155
01/03/23,TWO WHEELER(T),34
01/03/24,TWO WHEELER(T),470
01/04/18,TWO WHEELER(T),2
01/04/21,TWO WHEELER(T),128
01/04/22,TWO WHEELER(T),538
01/04/23,TWO WHEELER(T),9
01/04/24,TWO WHEELER(T),11
01/05/18,TWO WHEELER(T),34
01/05/19,TWO WHEELER(T),100
01/05/22,TWO WHEELER(T),334
01/05/23,TWO WHEELER(T),175
01/05/24,TWO WHEELER(T),90
01/06/19,TWO WHEELER(T),102
01/06/20,TWO WHEELER(T),35
01/06/22,TWO WHEELER(T),463
01/06/23,TWO WHEELER(T),6
01/06/24,TWO WHEELER(T),115
01/07/18,TWO WHEELER(T),5
01/07/19,TWO WHEELER(T),11
01/07/20,TWO WHEELER(T),5
01/07/21,TWO WHEELER(T),20
01/07/22,TWO WHEELER(T),167
01/07/23,TWO WHEELER(T),188
01/07/24,TWO WHEELER(T),180
01/08/18,TWO WHEELER(T),75
01/08/19,TWO WHEELER(T),2
01/08/20,TWO WHEELER(T),1
01/08/21,TWO WHEELER(T),39
01/08/22,TWO WHEELER(T),272
01/08/23,TWO WHEELER(T),133
01/08/24,TWO WHEELER(T),1
01/09/12,TWO WHEELER(T),1
01/09/18,TWO WHEELER(T),39
01/09/19,TWO WHEELER(T),17
01/09/21,TWO WHEELER(T),303
01/09/22,TWO WHEELER(T),199
01/09/23,TWO WHEELER(T),863
01/10/10,TWO WHEELER(T),1
01/10/18,TWO WHEELER(T),2
01/10/19,TWO WHEELER(T),55
01/10/20,TWO WHEELER(T),420
01/10/21,TWO WHEELER(T),264
01/10/22,TWO WHEELER(T),510
01/10/23,TWO WHEELER(T),67
01/11/09,TWO WHEELER(T),1
01/11/18,TWO WHEELER(T),107
01/11/19,TWO WHEELER(T),12
01/11/20,TWO WHEELER(T),301
01/11/21,TWO WHEELER(T),154
01/11/22,TWO WHEELER(T),31
01/11/23,TWO WHEELER(T),137
01/12/17,TWO WHEELER(T),3
01/12/19,TWO WHEELER(T),333
01/12/20,TWO WHEELER(T),384
01/12/21,TWO WHEELER(T),494
01/12/22,TWO WHEELER(T),138
01/12/23,TWO WHEELER(T),188
